M107,M190,S,M104,G28,F,G1,Z,M109,G21,G90,M82,E,G92,X,Y,M140,M106,M84,Malicious
1,0,0,0,0,0,0,0,0,0,0,0,0,0,0,0,0,0,0,No
0,1,60,0,0,0,0,0,0,0,0,0,0,0,0,0,0,0,0,No
0,0,190,1,0,0,0,0,0,0,0,0,0,0,0,0,0,0,0,No
0,0,0,0,1,0,0,0,0,0,0,0,0,0,0,0,0,0,0,No
0,0,0,0,0,50,1,0.6,0,0,0,0,0,0,0,0,0,0,0,No
0,0,190,0,0,0,0,0,1,0,0,0,0,0,0,0,0,0,0,No
0,0,0,0,0,0,0,0,0,1,0,0,0,0,0,0,0,0,0,No
0,0,0,0,0,0,0,0,0,0,1,0,0,0,0,0,0,0,0,No
0,0,0,0,0,0,0,0,0,0,0,1,0,0,0,0,0,0,0,No
0,0,0,0,0,0,0,0,0,0,0,0,0,1,0,0,0,0,0,No
0,0,0,0,0,4800,1,0.4,0,0,0,0,0,0,0,0,0,0,0,No
0,0,0,0,0,3600,1,0,0,0,0,0,-1,0,0,0,0,0,0,No
0,0,0,0,0,0,0,0,0,0,0,0,0,1,0,0,0,0,0,No
0,0,0,0,0,4800,1,0,0,0,0,0,0,0,87.082,85.153,0,0,0,No
0,0,0,0,0,3600,1,0,0,0,0,0,2.5,0,0,0,0,0,0,No
0,0,0,0,0,1800,1,0,0,0,0,0,2.72227,0,88.753,84.31,0,0,0,No
0,0,0,0,0,0,1,0,0,0,0,0,2.85577,0,89.868,84.167,0,0,0,No
0,0,0,0,0,0,1,0,0,0,0,0,5.29992,0,110.448,84.167,0,0,0,No
0,0,0,0,0,0,1,0,0,0,0,0,5.5222,0,112.277,84.563,0,0,0,No
0,0,0,0,0,0,1,0,0,0,0,0,5.75927,0,113.862,85.776,0,0,0,No
0,0,0,0,0,0,1,0,0,0,0,0,5.9299,0,114.777,86.884,0,0,0,No
0,0,0,0,0,0,1,0,0,0,0,0,6.15217,0,115.637,88.546,0,0,0,No
0,0,0,0,0,0,1,0,0,0,0,0,6.29084,0,115.791,89.703,0,0,0,No
0,0,0,0,0,0,1,0,0,0,0,0,8.72913,0,115.791,110.234,0,0,0,No
0,0,0,0,0,0,1,0,0,0,0,0,8.97129,0,115.321,112.218,0,0,0,No
0,0,0,0,0,0,1,0,0,0,0,0,9.1268,0,114.735,113.389,0,0,0,No
0,0,0,0,0,0,1,0,0,0,0,0,9.34908,0,113.561,114.847,0,0,0,No
0,0,0,0,0,0,1,0,0,0,0,0,9.57135,0,111.891,115.69,0,0,0,No
0,0,0,0,0,0,1,0,0,0,0,0,9.70484,0,110.776,115.833,0,0,0,No
0,0,0,0,0,0,1,0,0,0,0,0,12.32358,0,88.726,115.833,0,0,0,No
0,0,0,0,0,0,1,0,0,0,0,0,12.54586,0,86.897,115.437,0,0,0,No
0,0,0,0,0,0,1,0,0,0,0,0,12.76813,0,85.394,114.321,0,0,0,No
0,0,0,0,0,0,1,0,0,0,0,0,12.9904,0,84.487,112.685,0,0,0,No
0,0,0,0,0,0,1,0,0,0,0,0,13.12743,0,84.3,111.546,0,0,0,No
0,0,0,0,0,0,1,0,0,0,0,0,13.47184,0,84.209,108.647,0,0,0,No
0,0,0,0,0,0,1,0,0,0,0,0,15.56181,0,84.209,91.05,0,0,0,No
0,0,0,0,0,0,1,0,0,0,0,0,15.80397,0,84.679,89.066,0,0,0,No
0,0,0,0,0,0,1,0,0,0,0,0,16.13002,0,85.909,86.611,0,0,0,No
0,0,0,0,0,0,1,0,0,0,0,0,16.34517,0,87.045,85.2,0,0,0,No
0,0,0,0,0,4800,1,0,0,0,0,0,0,0,87.647,85.619,0,0,0,No
0,0,0,0,0,1800,1,0,0,0,0,0,16.62312,0,89.868,84.881,0,0,0,No
0,0,0,0,0,0,1,0,0,0,0,0,19.06728,0,110.448,84.881,0,0,0,No
0,0,0,0,0,0,1,0,0,0,0,0,19.27062,0,112.114,85.276,0,0,0,No
0,0,0,0,0,0,1,0,0,0,0,0,19.45253,0,113.311,86.231,0,0,0,No
0,0,0,0,0,0,1,0,0,0,0,0,19.62316,0,114.226,87.338,0,0,0,No
0,0,0,0,0,0,1,0,0,0,0,0,19.92163,0,115.076,89.703,0,0,0,No
0,0,0,0,0,0,1,0,0,0,0,0,22.35993,0,115.076,110.234,0,0,0,No
0,0,0,0,0,0,1,0,0,0,0,0,22.56303,0,114.683,111.898,0,0,0,No
0,0,0,0,0,0,1,0,0,0,0,0,22.71855,0,114.096,113.069,0,0,0,No
0,0,0,0,0,0,1,0,0,0,0,0,22.92188,0,112.997,114.381,0,0,0,No
0,0,0,0,0,0,1,0,0,0,0,0,23.19984,0,110.776,115.119,0,0,0,No
0,0,0,0,0,0,1,0,0,0,0,0,25.81858,0,88.726,115.119,0,0,0,No
0,0,0,0,0,0,1,0,0,0,0,0,26.02192,0,87.06,114.724,0,0,0,No
0,0,0,0,0,0,1,0,0,0,0,0,26.22526,0,85.748,113.624,0,0,0,No
0,0,0,0,0,0,1,0,0,0,0,0,26.48955,0,85.014,111.523,0,0,0,No
0,0,0,0,0,0,1,0,0,0,0,0,26.83125,0,84.924,108.647,0,0,0,No
0,0,0,0,0,0,1,0,0,0,0,0,28.92122,0,84.924,91.05,0,0,0,No
0,0,0,0,0,0,1,0,0,0,0,0,29.12432,0,85.317,89.386,0,0,0,No
0,0,0,0,0,0,1,0,0,0,0,0,29.45038,0,86.547,86.931,0,0,0,No
0,0,0,0,0,0,1,0,0,0,0,0,29.64659,0,87.608,85.665,0,0,0,No
0,0,0,0,0,3600,1,0,0,0,0,0,28.64659,0,0,0,0,0,0,No
0,0,0,0,0,0,0,0,0,0,0,0,0,1,0,0,0,0,0,No
0,0,0,0,0,4800,1,0,0,0,0,0,0,0,88.638,91.05,0,0,0,No
0,0,0,0,0,3600,1,0,0,0,0,0,2.5,0,0,0,0,0,0,No
0,0,0,0,0,1800,1,0,0,0,0,0,2.64343,0,89.868,88.596,0,0,0,No
0,0,0,0,0,0,1,0,0,0,0,0,2.72023,0,91.338,88.596,0,0,0,No
0,0,0,0,0,0,1,0,0,0,0,0,3.03506,0,88.638,93.983,0,0,0,No
0,0,0,0,0,0,1,0,0,0,0,0,3.18829,0,88.638,96.916,0,0,0,No
0,0,0,0,0,0,1,0,0,0,0,0,3.67452,0,92.808,88.596,0,0,0,No
0,0,0,0,0,0,1,0,0,0,0,0,3.75132,0,94.278,88.596,0,0,0,No
0,0,0,0,0,0,1,0,0,0,0,0,4.40895,0,88.638,99.849,0,0,0,No
0,0,0,0,0,0,1,0,0,0,0,0,4.56218,0,88.638,102.782,0,0,0,No
0,0,0,0,0,0,1,0,0,0,0,0,5.3912,0,95.748,88.596,0,0,0,No
0,0,0,0,0,0,1,0,0,0,0,0,5.468,0,97.218,88.596,0,0,0,No
0,0,0,0,0,0,1,0,0,0,0,0,6.46843,0,88.638,105.715,0,0,0,No
0,0,0,0,0,0,1,0,0,0,0,0,6.62166,0,88.638,108.647,0,0,0,No
0,0,0,0,0,0,1,0,0,0,0,0,7.79348,0,98.688,88.596,0,0,0,No
0,0,0,0,0,0,1,0,0,0,0,0,7.87028,0,100.158,88.596,0,0,0,No
0,0,0,0,0,0,1,0,0,0,0,0,9.20321,0,88.726,111.404,0,0,0,No
0,0,0,0,0,0,1,0,0,0,0,0,9.28001,0,90.196,111.404,0,0,0,No
0,0,0,0,0,0,1,0,0,0,0,0,10.61295,0,101.628,88.596,0,0,0,No
0,0,0,0,0,0,1,0,0,0,0,0,10.68975,0,103.098,88.596,0,0,0,No
0,0,0,0,0,0,1,0,0,0,0,0,12.02268,0,91.666,111.404,0,0,0,No
0,0,0,0,0,0,1,0,0,0,0,0,12.09948,0,93.136,111.404,0,0,0,No
0,0,0,0,0,0,1,0,0,0,0,0,13.43241,0,104.568,88.596,0,0,0,No
0,0,0,0,0,0,1,0,0,0,0,0,13.50921,0,106.038,88.596,0,0,0,No
0,0,0,0,0,0,1,0,0,0,0,0,14.84215,0,94.606,111.404,0,0,0,No
0,0,0,0,0,0,1,0,0,0,0,0,14.91895,0,96.076,111.404,0,0,0,No
0,0,0,0,0,0,1,0,0,0,0,0,16.25188,0,107.508,88.596,0,0,0,No
0,0,0,0,0,0,1,0,0,0,0,0,16.32868,0,108.978,88.596,0,0,0,No
0,0,0,0,0,0,1,0,0,0,0,0,17.66162,0,97.546,111.404,0,0,0,No
0,0,0,0,0,0,1,0,0,0,0,0,17.73841,0,99.016,111.404,0,0,0,No
0,0,0,0,0,0,1,0,0,0,0,0,19.07135,0,110.448,88.596,0,0,0,No
0,0,0,0,0,0,1,0,0,0,0,0,19.14641,0,111.362,89.703,0,0,0,No
0,0,0,0,0,0,1,0,0,0,0,0,20.4146,0,100.486,111.404,0,0,0,No
0,0,0,0,0,0,1,0,0,0,0,0,20.4914,0,101.956,111.404,0,0,0,No
0,0,0,0,0,0,1,0,0,0,0,0,21.5882,0,111.362,92.636,0,0,0,No
0,0,0,0,0,0,1,0,0,0,0,0,21.74143,0,111.362,95.569,0,0,0,No
0,0,0,0,0,0,1,0,0,0,0,0,22.66683,0,103.426,111.404,0,0,0,No
0,0,0,0,0,0,1,0,0,0,0,0,22.74363,0,104.896,111.404,0,0,0,No
0,0,0,0,0,0,1,0,0,0,0,0,23.49764,0,111.362,98.502,0,0,0,No
0,0,0,0,0,0,1,0,0,0,0,0,23.65086,0,111.362,101.435,0,0,0,No
0,0,0,0,0,0,1,0,0,0,0,0,24.23347,0,106.366,111.404,0,0,0,No
0,0,0,0,0,0,1,0,0,0,0,0,24.31027,0,107.836,111.404,0,0,0,No
0,0,0,0,0,0,1,0,0,0,0,0,24.72147,0,111.362,104.368,0,0,0,No
0,0,0,0,0,0,1,0,0,0,0,0,24.8747,0,111.362,107.301,0,0,0,No
0,0,0,0,0,0,1,0,0,0,0,0,25.11451,0,109.306,111.404,0,0,0,No
0,0,0,0,0,0,1,0,0,0,0,0,25.23815,0,111.362,110.234,0,0,0,No
0,0,0,0,0,0,1,0,0,0,0,0,25.30656,0,110.776,111.404,0,0,0,No
0,0,185,1,0,0,0,0,0,0,0,0,0,0,0,0,0,0,0,No
0,0,55,0,0,0,0,0,0,0,0,0,0,0,0,0,1,0,0,No
0,0,0,0,0,4800,1,1,0,0,0,0,0,0,0,0,0,0,0,No
0,0,0,0,0,4800,1,0,0,0,0,0,0,0,109.8,109.8,0,0,0,No
0,0,0,0,0,2400,1,0,0,0,0,0,26.33056,0,90.2,109.8,0,0,0,No
0,0,0,0,0,0,1,0,0,0,0,0,27.35456,0,90.2,90.2,0,0,0,No
0,0,0,0,0,0,1,0,0,0,0,0,28.37856,0,109.8,90.2,0,0,0,No
0,0,0,0,0,0,1,0,0,0,0,0,29.39942,0,109.8,109.74,0,0,0,No
0,0,0,0,0,4800,1,0,0,0,0,0,0,0,109.476,109.476,0,0,0,No
0,0,0,0,0,2400,1,0,0,0,0,0,30.38955,0,90.524,109.476,0,0,0,No
0,0,0,0,0,0,1,0,0,0,0,0,31.37968,0,90.524,90.524,0,0,0,No
0,0,0,0,0,0,1,0,0,0,0,0,32.36981,0,109.476,90.524,0,0,0,No
0,0,0,0,0,0,1,0,0,0,0,0,33.3568,0,109.476,109.416,0,0,0,No
0,0,0,0,0,4800,1,0,0,0,0,0,0,0,109.018,109.249,0,0,0,No
0,0,0,0,0,2400,1,0,0,0,0,0,33.37414,0,109.249,109.018,0,0,0,No
0,0,0,0,0,0,1,0,0,0,0,0,33.40818,0,109.249,108.377,0,0,0,No
0,0,0,0,0,0,1,0,0,0,0,0,33.47364,0,108.377,109.249,0,0,0,No
0,0,0,0,0,0,1,0,0,0,0,0,33.50768,0,107.736,109.249,0,0,0,No
0,0,0,0,0,0,1,0,0,0,0,0,33.62127,0,109.249,107.736,0,0,0,No
0,0,0,0,0,0,1,0,0,0,0,0,33.6553,0,109.249,107.096,0,0,0,No
0,0,0,0,0,0,1,0,0,0,0,0,33.81703,0,107.096,109.249,0,0,0,No
0,0,0,0,0,0,1,0,0,0,0,0,33.85106,0,106.455,109.249,0,0,0,No
0,0,0,0,0,0,1,0,0,0,0,0,34.06092,0,109.249,106.455,0,0,0,No
0,0,0,0,0,0,1,0,0,0,0,0,34.09495,0,109.249,105.814,0,0,0,No
0,0,0,0,0,0,1,0,0,0,0,0,34.35293,0,105.814,109.249,0,0,0,No
0,0,0,0,0,0,1,0,0,0,0,0,34.38696,0,105.173,109.249,0,0,0,No
0,0,0,0,0,0,1,0,0,0,0,0,34.69307,0,109.249,105.173,0,0,0,No
0,0,0,0,0,0,1,0,0,0,0,0,34.72711,0,109.249,104.532,0,0,0,No
0,0,0,0,0,0,1,0,0,0,0,0,35.08135,0,104.532,109.249,0,0,0,No
0,0,0,0,0,0,1,0,0,0,0,0,35.11538,0,103.891,109.249,0,0,0,No
0,0,0,0,0,0,1,0,0,0,0,0,35.51775,0,109.249,103.891,0,0,0,No
0,0,0,0,0,0,1,0,0,0,0,0,35.55178,0,109.249,103.25,0,0,0,No
0,0,0,0,0,0,1,0,0,0,0,0,36.00228,0,103.25,109.249,0,0,0,No
0,0,0,0,0,0,1,0,0,0,0,0,36.03631,0,102.609,109.249,0,0,0,No
0,0,0,0,0,0,1,0,0,0,0,0,36.53493,0,109.249,102.609,0,0,0,No
0,0,0,0,0,0,1,0,0,0,0,0,36.56897,0,109.249,101.968,0,0,0,No
0,0,0,0,0,0,1,0,0,0,0,0,37.11572,0,101.968,109.249,0,0,0,No
0,0,0,0,0,0,1,0,0,0,0,0,37.14975,0,101.327,109.249,0,0,0,No
0,0,0,0,0,0,1,0,0,0,0,0,37.74464,0,109.249,101.327,0,0,0,No
0,0,0,0,0,0,1,0,0,0,0,0,37.77867,0,109.249,100.686,0,0,0,No
0,0,0,0,0,0,1,0,0,0,0,0,38.42168,0,100.686,109.249,0,0,0,No
0,0,0,0,0,0,1,0,0,0,0,0,38.45571,0,100.045,109.249,0,0,0,No
0,0,0,0,0,0,1,0,0,0,0,0,39.14685,0,109.249,100.045,0,0,0,No
0,0,0,0,0,0,1,0,0,0,0,0,39.18089,0,109.249,99.404,0,0,0,No
0,0,0,0,0,0,1,0,0,0,0,0,39.92016,0,99.404,109.249,0,0,0,No
0,0,0,0,0,0,1,0,0,0,0,0,39.95419,0,98.763,109.249,0,0,0,No
0,0,0,0,0,0,1,0,0,0,0,0,40.74159,0,109.249,98.763,0,0,0,No
0,0,0,0,0,0,1,0,0,0,0,0,40.77562,0,109.249,98.122,0,0,0,No
0,0,0,0,0,0,1,0,0,0,0,0,41.61115,0,98.122,109.249,0,0,0,No
0,0,0,0,0,0,1,0,0,0,0,0,41.64518,0,97.481,109.249,0,0,0,No
0,0,0,0,0,0,1,0,0,0,0,0,42.52883,0,109.249,97.481,0,0,0,No
0,0,0,0,0,0,1,0,0,0,0,0,42.56287,0,109.249,96.84,0,0,0,No
0,0,0,0,0,0,1,0,0,0,0,0,43.49465,0,96.84,109.249,0,0,0,No
0,0,0,0,0,0,1,0,0,0,0,0,43.52868,0,96.199,109.249,0,0,0,No
0,0,0,0,0,0,1,0,0,0,0,0,44.5086,0,109.249,96.199,0,0,0,No
0,0,0,0,0,0,1,0,0,0,0,0,44.54263,0,109.249,95.558,0,0,0,No
0,0,0,0,0,0,1,0,0,0,0,0,45.57067,0,95.558,109.249,0,0,0,No
0,0,0,0,0,0,1,0,0,0,0,0,45.6047,0,94.917,109.249,0,0,0,No
0,0,0,0,0,0,1,0,0,0,0,0,46.68087,0,109.249,94.917,0,0,0,No
0,0,0,0,0,0,1,0,0,0,0,0,46.7149,0,109.249,94.276,0,0,0,No
0,0,0,0,0,0,1,0,0,0,0,0,47.8392,0,94.276,109.249,0,0,0,No
0,0,0,0,0,0,1,0,0,0,0,0,47.87324,0,93.635,109.249,0,0,0,No
0,0,0,0,0,0,1,0,0,0,0,0,49.04566,0,109.249,93.635,0,0,0,No
0,0,0,0,0,0,1,0,0,0,0,0,49.0797,0,109.249,92.994,0,0,0,No
0,0,0,0,0,0,1,0,0,0,0,0,50.30025,0,92.994,109.249,0,0,0,No
0,0,0,0,0,0,1,0,0,0,0,0,50.33428,0,92.353,109.249,0,0,0,No
0,0,0,0,0,0,1,0,0,0,0,0,51.60297,0,109.249,92.353,0,0,0,No
0,0,0,0,0,0,1,0,0,0,0,0,51.637,0,109.249,91.712,0,0,0,No
0,0,0,0,0,0,1,0,0,0,0,0,52.95382,0,91.712,109.249,0,0,0,No
0,0,0,0,0,0,1,0,0,0,0,0,52.98785,0,91.071,109.249,0,0,0,No
0,0,0,0,0,0,1,0,0,0,0,0,54.35279,0,109.249,91.071,0,0,0,No
0,0,0,0,0,0,1,0,0,0,0,0,54.37686,0,108.929,90.751,0,0,0,No
0,0,0,0,0,0,1,0,0,0,0,0,55.7418,0,90.751,108.929,0,0,0,No
0,0,0,0,0,0,1,0,0,0,0,0,55.77583,0,90.751,108.288,0,0,0,No
0,0,0,0,0,0,1,0,0,0,0,0,57.09265,0,108.288,90.751,0,0,0,No
0,0,0,0,0,0,1,0,0,0,0,0,57.12668,0,107.647,90.751,0,0,0,No
0,0,0,0,0,0,1,0,0,0,0,0,58.39536,0,90.751,107.647,0,0,0,No
0,0,0,0,0,0,1,0,0,0,0,0,58.42939,0,90.751,107.006,0,0,0,No
0,0,0,0,0,0,1,0,0,0,0,0,59.64995,0,107.006,90.751,0,0,0,No
0,0,0,0,0,0,1,0,0,0,0,0,59.68398,0,106.365,90.751,0,0,0,No
0,0,0,0,0,0,1,0,0,0,0,0,60.85641,0,90.751,106.365,0,0,0,No
0,0,0,0,0,0,1,0,0,0,0,0,60.89044,0,90.751,105.724,0,0,0,No
0,0,0,0,0,0,1,0,0,0,0,0,62.01474,0,105.724,90.751,0,0,0,No
0,0,0,0,0,0,1,0,0,0,0,0,62.04878,0,105.083,90.751,0,0,0,No
0,0,0,0,0,0,1,0,0,0,0,0,63.12495,0,90.751,105.083,0,0,0,No
0,0,0,0,0,0,1,0,0,0,0,0,63.15898,0,90.751,104.442,0,0,0,No
0,0,0,0,0,0,1,0,0,0,0,0,64.18702,0,104.442,90.751,0,0,0,No
0,0,0,0,0,0,1,0,0,0,0,0,64.22105,0,103.801,90.751,0,0,0,No
0,0,0,0,0,0,1,0,0,0,0,0,65.20097,0,90.751,103.801,0,0,0,No
0,0,0,0,0,0,1,0,0,0,0,0,65.235,0,90.751,103.16,0,0,0,No
0,0,0,0,0,0,1,0,0,0,0,0,66.16678,0,103.16,90.751,0,0,0,No
0,0,0,0,0,0,1,0,0,0,0,0,66.20081,0,102.519,90.751,0,0,0,No
0,0,0,0,0,0,1,0,0,0,0,0,67.08447,0,90.751,102.519,0,0,0,No
0,0,0,0,0,0,1,0,0,0,0,0,67.1185,0,90.751,101.878,0,0,0,No
0,0,0,0,0,0,1,0,0,0,0,0,67.95403,0,101.878,90.751,0,0,0,No
0,0,0,0,0,0,1,0,0,0,0,0,67.98806,0,101.237,90.751,0,0,0,No
0,0,0,0,0,0,1,0,0,0,0,0,68.77546,0,90.751,101.237,0,0,0,No
0,0,0,0,0,0,1,0,0,0,0,0,68.80949,0,90.751,100.596,0,0,0,No
0,0,0,0,0,0,1,0,0,0,0,0,69.54876,0,100.596,90.751,0,0,0,No
0,0,0,0,0,0,1,0,0,0,0,0,69.58279,0,99.955,90.751,0,0,0,No
0,0,0,0,0,0,1,0,0,0,0,0,70.27393,0,90.751,99.955,0,0,0,No
0,0,0,0,0,0,1,0,0,0,0,0,70.30797,0,90.751,99.314,0,0,0,No
0,0,0,0,0,0,1,0,0,0,0,0,70.95098,0,99.314,90.751,0,0,0,No
0,0,0,0,0,0,1,0,0,0,0,0,70.98501,0,98.673,90.751,0,0,0,No
0,0,0,0,0,0,1,0,0,0,0,0,71.57989,0,90.751,98.673,0,0,0,No
0,0,0,0,0,0,1,0,0,0,0,0,71.61393,0,90.751,98.032,0,0,0,No
0,0,0,0,0,0,1,0,0,0,0,0,72.16068,0,98.032,90.751,0,0,0,No
0,0,0,0,0,0,1,0,0,0,0,0,72.19471,0,97.391,90.751,0,0,0,No
0,0,0,0,0,0,1,0,0,0,0,0,72.69334,0,90.751,97.391,0,0,0,No
0,0,0,0,0,0,1,0,0,0,0,0,72.72737,0,90.751,96.75,0,0,0,No
0,0,0,0,0,0,1,0,0,0,0,0,73.17787,0,96.75,90.751,0,0,0,No
0,0,0,0,0,0,1,0,0,0,0,0,73.2119,0,96.109,90.751,0,0,0,No
0,0,0,0,0,0,1,0,0,0,0,0,73.61427,0,90.751,96.109,0,0,0,No
0,0,0,0,0,0,1,0,0,0,0,0,73.6483,0,90.751,95.468,0,0,0,No
0,0,0,0,0,0,1,0,0,0,0,0,74.00254,0,95.468,90.751,0,0,0,No
0,0,0,0,0,0,1,0,0,0,0,0,74.03657,0,94.827,90.751,0,0,0,No
0,0,0,0,0,0,1,0,0,0,0,0,74.34268,0,90.751,94.827,0,0,0,No
0,0,0,0,0,0,1,0,0,0,0,0,74.37672,0,90.751,94.186,0,0,0,No
0,0,0,0,0,0,1,0,0,0,0,0,74.6347,0,94.186,90.751,0,0,0,No
0,0,0,0,0,0,1,0,0,0,0,0,74.66873,0,93.545,90.751,0,0,0,No
0,0,0,0,0,0,1,0,0,0,0,0,74.87858,0,90.751,93.545,0,0,0,No
0,0,0,0,0,0,1,0,0,0,0,0,74.91262,0,90.751,92.904,0,0,0,No
0,0,0,0,0,0,1,0,0,0,0,0,75.07434,0,92.904,90.751,0,0,0,No
0,0,0,0,0,0,1,0,0,0,0,0,75.10837,0,92.264,90.751,0,0,0,No
0,0,0,0,0,0,1,0,0,0,0,0,75.22197,0,90.751,92.264,0,0,0,No
0,0,0,0,0,0,1,0,0,0,0,0,75.256,0,90.751,91.623,0,0,0,No
0,0,0,0,0,0,1,0,0,0,0,0,75.32147,0,91.623,90.751,0,0,0,No
0,0,0,0,0,0,1,0,0,0,0,0,75.3555,0,90.982,90.751,0,0,0,No
0,0,0,0,0,0,1,0,0,0,0,0,75.37284,0,90.751,90.982,0,0,0,No
0,0,0,0,0,4800,1,1.4,0,0,0,0,0,0,0,0,0,0,0,No
0,0,0,0,0,4800,1,0,0,0,0,0,0,0,109.8,109.8,0,0,0,No
0,0,0,0,0,1680,1,0,0,0,0,0,76.39684,0,90.2,109.8,0,0,0,No
0,0,0,0,0,0,1,0,0,0,0,0,77.42084,0,90.2,90.2,0,0,0,No
0,0,0,0,0,0,1,0,0,0,0,0,78.44484,0,109.8,90.2,0,0,0,No
0,0,0,0,0,0,1,0,0,0,0,0,79.46571,0,109.8,109.74,0,0,0,No
0,0,0,0,0,4800,1,0,0,0,0,0,0,0,109.454,109.6,0,0,0,No
0,0,0,0,0,4800,1,0,0,0,0,0,0,0,109.476,109.476,0,0,0,No
0,0,0,0,0,2400,1,0,0,0,0,0,80.51887,0,90.524,109.476,0,0,0,No
0,0,0,0,0,0,1,0,0,0,0,0,81.57203,0,90.524,90.524,0,0,0,No
0,0,0,0,0,0,1,0,0,0,0,0,82.62519,0,109.476,90.524,0,0,0,No
0,0,0,0,0,0,1,0,0,0,0,0,83.67502,0,109.476,109.416,0,0,0,No
0,0,0,0,0,4800,1,0,0,0,0,0,0,0,109.283,90.899,0,0,0,No
0,0,0,0,0,3000,1,0,0,0,0,0,83.68946,0,109.101,90.717,0,0,0,No
0,0,0,0,0,0,1,0,0,0,0,0,83.71627,0,108.623,90.717,0,0,0,No
0,0,0,0,0,0,1,0,0,0,0,0,83.76862,0,109.283,91.377,0,0,0,No
0,0,0,0,0,0,1,0,0,0,0,0,83.79543,0,109.283,91.854,0,0,0,No
0,0,0,0,0,0,1,0,0,0,0,0,83.8857,0,108.146,90.717,0,0,0,No
0,0,0,0,0,0,1,0,0,0,0,0,83.91251,0,107.668,90.717,0,0,0,No
0,0,0,0,0,0,1,0,0,0,0,0,84.0407,0,109.283,92.332,0,0,0,No
0,0,0,0,0,0,1,0,0,0,0,0,84.06751,0,109.283,92.809,0,0,0,No
0,0,0,0,0,0,1,0,0,0,0,0,84.23361,0,107.191,90.717,0,0,0,No
0,0,0,0,0,0,1,0,0,0,0,0,84.26042,0,106.713,90.717,0,0,0,No
0,0,0,0,0,0,1,0,0,0,0,0,84.46444,0,109.283,93.287,0,0,0,No
0,0,0,0,0,0,1,0,0,0,0,0,84.49126,0,109.283,93.764,0,0,0,No
0,0,0,0,0,0,1,0,0,0,0,0,84.73319,0,106.236,90.717,0,0,0,No
0,0,0,0,0,0,1,0,0,0,0,0,84.76001,0,105.758,90.717,0,0,0,No
0,0,0,0,0,0,1,0,0,0,0,0,85.03986,0,109.283,94.242,0,0,0,No
0,0,0,0,0,0,1,0,0,0,0,0,85.06667,0,109.283,94.719,0,0,0,No
0,0,0,0,0,0,1,0,0,0,0,0,85.38444,0,105.281,90.717,0,0,0,No
0,0,0,0,0,0,1,0,0,0,0,0,85.41126,0,104.803,90.717,0,0,0,No
0,0,0,0,0,0,1,0,0,0,0,0,85.76695,0,109.283,95.197,0,0,0,No
0,0,0,0,0,0,1,0,0,0,0,0,85.79376,0,109.283,95.674,0,0,0,No
0,0,0,0,0,0,1,0,0,0,0,0,86.18736,0,104.326,90.717,0,0,0,No
0,0,0,0,0,0,1,0,0,0,0,0,86.21418,0,103.848,90.717,0,0,0,No
0,0,0,0,0,0,1,0,0,0,0,0,86.6457,0,109.283,96.152,0,0,0,No
0,0,0,0,0,0,1,0,0,0,0,0,86.67251,0,109.283,96.629,0,0,0,No
0,0,0,0,0,0,1,0,0,0,0,0,87.14195,0,103.371,90.717,0,0,0,No
0,0,0,0,0,0,1,0,0,0,0,0,87.16876,0,102.893,90.717,0,0,0,No
0,0,0,0,0,0,1,0,0,0,0,0,87.67612,0,109.283,97.107,0,0,0,No
0,0,0,0,0,0,1,0,0,0,0,0,87.70293,0,109.283,97.584,0,0,0,No
0,0,0,0,0,0,1,0,0,0,0,0,88.24821,0,102.416,90.717,0,0,0,No
0,0,0,0,0,0,1,0,0,0,0,0,88.27502,0,101.938,90.717,0,0,0,No
0,0,0,0,0,0,1,0,0,0,0,0,88.85821,0,109.283,98.062,0,0,0,No
0,0,0,0,0,0,1,0,0,0,0,0,88.88503,0,109.283,98.539,0,0,0,No
0,0,0,0,0,0,1,0,0,0,0,0,89.50614,0,101.461,90.717,0,0,0,No
0,0,0,0,0,0,1,0,0,0,0,0,89.53295,0,100.983,90.717,0,0,0,No
0,0,0,0,0,0,1,0,0,0,0,0,90.19198,0,109.283,99.017,0,0,0,No
0,0,0,0,0,0,1,0,0,0,0,0,90.21879,0,109.283,99.494,0,0,0,No
0,0,0,0,0,0,1,0,0,0,0,0,90.91573,0,100.506,90.717,0,0,0,No
0,0,0,0,0,0,1,0,0,0,0,0,90.94254,0,100.028,90.717,0,0,0,No
0,0,0,0,0,0,1,0,0,0,0,0,91.67741,0,109.283,99.972,0,0,0,No
0,0,0,0,0,0,1,0,0,0,0,0,91.70422,0,109.283,100.449,0,0,0,No
0,0,0,0,0,0,1,0,0,0,0,0,92.477,0,99.551,90.717,0,0,0,No
0,0,0,0,0,0,1,0,0,0,0,0,92.50381,0,99.073,90.717,0,0,0,No
0,0,0,0,0,0,1,0,0,0,0,0,93.3145,0,109.283,100.927,0,0,0,No
0,0,0,0,0,0,1,0,0,0,0,0,93.34132,0,109.283,101.404,0,0,0,No
0,0,0,0,0,0,1,0,0,0,0,0,94.18993,0,98.596,90.717,0,0,0,No
0,0,0,0,0,0,1,0,0,0,0,0,94.21674,0,98.118,90.717,0,0,0,No
0,0,0,0,0,0,1,0,0,0,0,0,95.10327,0,109.283,101.882,0,0,0,No
0,0,0,0,0,0,1,0,0,0,0,0,95.13008,0,109.283,102.359,0,0,0,No
0,0,0,0,0,0,1,0,0,0,0,0,96.05453,0,97.641,90.717,0,0,0,No
0,0,0,0,0,0,1,0,0,0,0,0,96.08134,0,97.163,90.717,0,0,0,No
0,0,0,0,0,0,1,0,0,0,0,0,97.04371,0,109.283,102.837,0,0,0,No
0,0,0,0,0,0,1,0,0,0,0,0,97.07052,0,109.283,103.314,0,0,0,No
0,0,0,0,0,0,1,0,0,0,0,0,98.0708,0,96.686,90.717,0,0,0,No
0,0,0,0,0,0,1,0,0,0,0,0,98.09762,0,96.208,90.717,0,0,0,No
0,0,0,0,0,0,1,0,0,0,0,0,99.13582,0,109.283,103.792,0,0,0,No
0,0,0,0,0,0,1,0,0,0,0,0,99.16263,0,109.283,104.269,0,0,0,No
0,0,0,0,0,0,1,0,0,0,0,0,100.23874,0,95.731,90.717,0,0,0,No
0,0,0,0,0,0,1,0,0,0,0,0,100.26556,0,95.254,90.717,0,0,0,No
0,0,0,0,0,0,1,0,0,0,0,0,101.37959,0,109.283,104.746,0,0,0,No
0,0,0,0,0,0,1,0,0,0,0,0,101.4064,0,109.283,105.224,0,0,0,No
0,0,0,0,0,0,1,0,0,0,0,0,102.55835,0,94.776,90.717,0,0,0,No
0,0,0,0,0,0,1,0,0,0,0,0,102.58517,0,94.299,90.717,0,0,0,No
0,0,0,0,0,0,1,0,0,0,0,0,103.77503,0,109.283,105.701,0,0,0,No
0,0,0,0,0,0,1,0,0,0,0,0,103.80185,0,109.283,106.179,0,0,0,No
0,0,0,0,0,0,1,0,0,0,0,0,105.02963,0,93.821,90.717,0,0,0,No
0,0,0,0,0,0,1,0,0,0,0,0,105.05644,0,93.344,90.717,0,0,0,No
0,0,0,0,0,0,1,0,0,0,0,0,106.32215,0,109.283,106.656,0,0,0,No
0,0,0,0,0,0,1,0,0,0,0,0,106.34896,0,109.283,107.134,0,0,0,No
0,0,0,0,0,0,1,0,0,0,0,0,107.65258,0,92.866,90.717,0,0,0,No
0,0,0,0,0,0,1,0,0,0,0,0,107.67939,0,92.389,90.717,0,0,0,No
0,0,0,0,0,0,1,0,0,0,0,0,109.02093,0,109.283,107.611,0,0,0,No
0,0,0,0,0,0,1,0,0,0,0,0,109.04774,0,109.283,108.089,0,0,0,No
0,0,0,0,0,0,1,0,0,0,0,0,110.4272,0,91.911,90.717,0,0,0,No
0,0,0,0,0,0,1,0,0,0,0,0,110.45401,0,91.434,90.717,0,0,0,No
0,0,0,0,0,0,1,0,0,0,0,0,111.87138,0,109.283,108.566,0,0,0,No
0,0,0,0,0,0,1,0,0,0,0,0,111.89819,0,109.283,109.044,0,0,0,No
0,0,0,0,0,0,1,0,0,0,0,0,113.35348,0,90.956,90.717,0,0,0,No
0,0,0,0,1,0,0,0,0,0,0,0,0,0,0,0,0,0,0,Yes
0,0,0,0,0,0,1,0,0,0,0,0,113.37244,0,90.717,90.956,0,0,0,No
0,0,0,0,1,0,0,0,0,0,0,0,0,0,0,0,0,0,0,Yes
0,0,0,0,0,0,1,0,0,0,0,0,114.82773,0,109.044,109.283,0,0,0,No
0,0,0,0,1,0,0,0,0,0,0,0,0,0,0,0,0,0,0,Yes
0,0,0,0,0,0,1,0,0,0,0,0,114.85454,0,108.566,109.283,0,0,0,No
0,0,0,0,1,0,0,0,0,0,0,0,0,0,0,0,0,0,0,Yes
0,0,0,0,0,0,1,0,0,0,0,0,116.27191,0,90.717,91.434,0,0,0,No
0,0,0,0,1,0,0,0,0,0,0,0,0,0,0,0,0,0,0,Yes
0,0,0,0,0,0,1,0,0,0,0,0,116.29872,0,90.717,91.911,0,0,0,No
0,0,0,0,0,0,1,0,0,0,0,0,117.67818,0,108.089,109.283,0,0,0,No
0,0,0,0,0,0,1,0,0,0,0,0,117.70499,0,107.611,109.283,0,0,0,No
0,0,0,0,0,0,1,0,0,0,0,0,119.04652,0,90.717,92.389,0,0,0,No
0,0,0,0,0,0,1,0,0,0,0,0,119.07333,0,90.717,92.866,0,0,0,No
0,0,0,0,0,0,1,0,0,0,0,0,120.37695,0,107.134,109.283,0,0,0,No
0,0,0,0,0,0,1,0,0,0,0,0,120.40376,0,106.656,109.283,0,0,0,No
0,0,0,0,0,0,1,0,0,0,0,0,121.66947,0,90.717,93.344,0,0,0,No
0,0,0,0,0,0,1,0,0,0,0,0,121.69628,0,90.717,93.821,0,0,0,No
0,0,0,0,0,0,1,0,0,0,0,0,122.92406,0,106.179,109.283,0,0,0,No
0,0,0,0,0,0,1,0,0,0,0,0,122.95087,0,105.701,109.283,0,0,0,No
0,0,0,0,0,0,1,0,0,0,0,0,124.14074,0,90.717,94.299,0,0,0,No
0,0,0,0,0,0,1,0,0,0,0,0,124.16755,0,90.717,94.776,0,0,0,No
0,0,0,0,0,0,1,0,0,0,0,0,125.3195,0,105.224,109.283,0,0,0,No
0,0,0,0,0,0,1,0,0,0,0,0,125.34631,0,104.746,109.283,0,0,0,No
0,0,0,0,0,0,1,0,0,0,0,0,126.46034,0,90.717,95.254,0,0,0,No
0,0,0,0,0,0,1,0,0,0,0,0,126.48716,0,90.717,95.731,0,0,0,No
0,0,0,0,0,0,1,0,0,0,0,0,127.56327,0,104.269,109.283,0,0,0,No
0,0,0,0,0,0,1,0,0,0,0,0,127.59008,0,103.791,109.283,0,0,0,No
0,0,0,0,0,0,1,0,0,0,0,0,128.62828,0,90.717,96.209,0,0,0,No
0,0,0,0,0,0,1,0,0,0,0,0,128.65509,0,90.717,96.686,0,0,0,No
0,0,0,0,0,0,1,0,0,0,0,0,129.65537,0,103.314,109.283,0,0,0,No
0,0,0,0,0,0,1,0,0,0,0,0,129.68218,0,102.836,109.283,0,0,0,No
0,0,0,0,0,0,1,0,0,0,0,0,130.64455,0,90.717,97.164,0,0,0,No
0,0,0,0,0,0,1,0,0,0,0,0,130.67136,0,90.717,97.641,0,0,0,No
0,0,0,0,0,0,1,0,0,0,0,0,131.5958,0,102.359,109.283,0,0,0,No
0,0,0,0,0,0,1,0,0,0,0,0,131.62261,0,101.881,109.283,0,0,0,No
0,0,0,0,0,0,1,0,0,0,0,0,132.50914,0,90.717,98.119,0,0,0,No
0,0,0,0,0,0,1,0,0,0,0,0,132.53595,0,90.717,98.596,0,0,0,No
0,0,0,0,0,0,1,0,0,0,0,0,133.38457,0,101.404,109.283,0,0,0,No
0,0,0,0,0,0,1,0,0,0,0,0,133.41138,0,100.926,109.283,0,0,0,No
0,0,0,0,0,0,1,0,0,0,0,0,134.22207,0,90.717,99.074,0,0,0,No
0,0,0,0,0,0,1,0,0,0,0,0,134.24888,0,90.717,99.551,0,0,0,No
0,0,0,0,0,0,1,0,0,0,0,0,135.02166,0,100.449,109.283,0,0,0,No
0,0,0,0,0,0,1,0,0,0,0,0,135.04847,0,99.971,109.283,0,0,0,No
0,0,0,0,0,0,1,0,0,0,0,0,135.78333,0,90.717,100.029,0,0,0,No
0,0,0,0,0,0,1,0,0,0,0,0,135.81014,0,90.717,100.506,0,0,0,No
0,0,0,0,0,0,1,0,0,0,0,0,136.50709,0,99.494,109.283,0,0,0,No
0,0,0,0,0,0,1,0,0,0,0,0,136.5339,0,99.016,109.283,0,0,0,No
0,0,0,0,0,0,1,0,0,0,0,0,137.19292,0,90.717,100.984,0,0,0,No
0,0,0,0,0,0,1,0,0,0,0,0,137.21973,0,90.717,101.461,0,0,0,No
0,0,0,0,0,0,1,0,0,0,0,0,137.84084,0,98.539,109.283,0,0,0,No
0,0,0,0,0,0,1,0,0,0,0,0,137.86765,0,98.061,109.283,0,0,0,No
0,0,0,0,0,0,1,0,0,0,0,0,138.45084,0,90.717,101.939,0,0,0,No
0,0,0,0,0,0,1,0,0,0,0,0,138.47765,0,90.717,102.416,0,0,0,No
0,0,0,0,0,0,1,0,0,0,0,0,139.02293,0,97.584,109.283,0,0,0,No
0,0,0,0,0,0,1,0,0,0,0,0,139.04974,0,97.106,109.283,0,0,0,No
0,0,0,0,0,0,1,0,0,0,0,0,139.5571,0,90.717,102.893,0,0,0,No
0,0,0,0,0,0,1,0,0,0,0,0,139.58391,0,90.717,103.371,0,0,0,No
0,0,0,0,0,0,1,0,0,0,0,0,140.05335,0,96.629,109.283,0,0,0,No
0,0,0,0,0,0,1,0,0,0,0,0,140.08016,0,96.152,109.283,0,0,0,No
0,0,0,0,0,0,1,0,0,0,0,0,140.51168,0,90.717,103.848,0,0,0,No
0,0,0,0,0,0,1,0,0,0,0,0,140.53849,0,90.717,104.326,0,0,0,No
0,0,0,0,0,0,1,0,0,0,0,0,140.93209,0,95.674,109.283,0,0,0,No
0,0,0,0,0,0,1,0,0,0,0,0,140.95891,0,95.197,109.283,0,0,0,No
0,0,0,0,0,0,1,0,0,0,0,0,141.31459,0,90.717,104.803,0,0,0,No
0,0,0,0,0,0,1,0,0,0,0,0,141.3414,0,90.717,105.281,0,0,0,No
0,0,0,0,0,0,1,0,0,0,0,0,141.65917,0,94.719,109.283,0,0,0,No
0,0,0,0,0,0,1,0,0,0,0,0,141.68599,0,94.242,109.283,0,0,0,No
0,0,0,0,0,0,1,0,0,0,0,0,141.96584,0,90.717,105.758,0,0,0,No
0,0,0,0,0,0,1,0,0,0,0,0,141.99265,0,90.717,106.236,0,0,0,No
0,0,0,0,0,0,1,0,0,0,0,0,142.23459,0,93.764,109.283,0,0,0,No
0,0,0,0,0,0,1,0,0,0,0,0,142.2614,0,93.287,109.283,0,0,0,No
0,0,0,0,0,0,1,0,0,0,0,0,142.46541,0,90.717,106.713,0,0,0,No
0,0,0,0,0,0,1,0,0,0,0,0,142.49223,0,90.717,107.191,0,0,0,No
0,0,0,0,0,0,1,0,0,0,0,0,142.65833,0,92.809,109.283,0,0,0,No
0,0,0,0,0,0,1,0,0,0,0,0,142.68514,0,92.332,109.283,0,0,0,No
0,0,0,0,0,0,1,0,0,0,0,0,142.81332,0,90.717,107.668,0,0,0,No
0,0,0,0,0,0,1,0,0,0,0,0,142.84013,0,90.717,108.146,0,0,0,No
0,0,0,0,0,0,1,0,0,0,0,0,142.9304,0,91.854,109.283,0,0,0,No
0,0,0,0,0,0,1,0,0,0,0,0,142.95721,0,91.377,109.283,0,0,0,No
0,0,0,0,0,0,1,0,0,0,0,0,143.00956,0,90.717,108.623,0,0,0,No
0,0,0,0,0,0,1,0,0,0,0,0,143.03637,0,90.717,109.101,0,0,0,No
0,0,0,0,0,0,1,0,0,0,0,0,143.0508,0,90.899,109.283,0,0,0,No
0,0,191.25,0,0,0,0,0,0,0,0,0,0,0,0,0,0,1,0,No
0,0,0,0,0,4800,1,1.8,0,0,0,0,0,0,0,0,0,0,0,No
0,0,0,0,0,4800,1,0,0,0,0,0,0,0,109.8,109.8,0,0,0,No
0,0,0,0,0,1680,1,0,0,0,0,0,144.0748,0,90.2,109.8,0,0,0,No
0,0,0,0,0,0,1,0,0,0,0,0,145.0988,0,90.2,90.2,0,0,0,No
0,0,0,0,0,0,1,0,0,0,0,0,146.1228,0,109.8,90.2,0,0,0,No
0,0,0,0,0,0,1,0,0,0,0,0,147.14367,0,109.8,109.74,0,0,0,No
0,0,0,0,0,4800,1,0,0,0,0,0,0,0,109.454,109.6,0,0,0,No
0,0,0,0,0,4800,1,0,0,0,0,0,0,0,109.476,109.476,0,0,0,No
0,0,0,0,0,2400,1,0,0,0,0,0,148.19683,0,90.524,109.476,0,0,0,No
0,0,0,0,0,0,1,0,0,0,0,0,149.24999,0,90.524,90.524,0,0,0,No
0,0,0,0,0,0,1,0,0,0,0,0,150.30316,0,109.476,90.524,0,0,0,No
0,0,0,0,0,0,1,0,0,0,0,0,151.35298,0,109.476,109.416,0,0,0,No
0,0,0,0,0,4800,1,0,0,0,0,0,0,0,109.101,109.283,0,0,0,No
0,0,0,0,0,3000,1,0,0,0,0,0,151.36742,0,109.283,109.101,0,0,0,No
0,0,0,0,0,0,1,0,0,0,0,0,151.39423,0,109.283,108.623,0,0,0,No
0,0,0,0,0,0,1,0,0,0,0,0,151.44658,0,108.623,109.283,0,0,0,No
0,0,0,0,0,0,1,0,0,0,0,0,151.47339,0,108.146,109.283,0,0,0,No
0,0,0,0,0,0,1,0,0,0,0,0,151.56366,0,109.283,108.146,0,0,0,No
0,0,0,0,0,0,1,0,0,0,0,0,151.59047,0,109.283,107.668,0,0,0,No
0,0,0,0,0,0,1,0,0,0,0,0,151.71866,0,107.668,109.283,0,0,0,No
0,0,0,0,0,0,1,0,0,0,0,0,151.74547,0,107.191,109.283,0,0,0,No
0,0,0,0,0,0,1,0,0,0,0,0,151.91157,0,109.283,107.191,0,0,0,No
0,0,0,0,0,0,1,0,0,0,0,0,151.93839,0,109.283,106.713,0,0,0,No
0,0,0,0,0,0,1,0,0,0,0,0,152.14241,0,106.713,109.283,0,0,0,No
0,0,0,0,0,0,1,0,0,0,0,0,152.16922,0,106.236,109.283,0,0,0,No
0,0,0,0,0,0,1,0,0,0,0,0,152.41116,0,109.283,106.236,0,0,0,No
0,0,0,0,0,0,1,0,0,0,0,0,152.43797,0,109.283,105.758,0,0,0,No
0,0,0,0,0,0,1,0,0,0,0,0,152.71782,0,105.758,109.283,0,0,0,No
0,0,0,0,0,0,1,0,0,0,0,0,152.74463,0,105.281,109.283,0,0,0,No
0,0,0,0,0,0,1,0,0,0,0,0,153.06241,0,109.283,105.281,0,0,0,No
0,0,0,0,0,0,1,0,0,0,0,0,153.08922,0,109.283,104.803,0,0,0,No
0,0,0,0,0,0,1,0,0,0,0,0,153.44491,0,104.803,109.283,0,0,0,No
0,0,0,0,0,0,1,0,0,0,0,0,153.47172,0,104.326,109.283,0,0,0,No
0,0,0,0,0,0,1,0,0,0,0,0,153.86533,0,109.283,104.326,0,0,0,No
0,0,0,0,0,0,1,0,0,0,0,0,153.89214,0,109.283,103.848,0,0,0,No
0,0,0,0,0,0,1,0,0,0,0,0,154.32366,0,103.848,109.283,0,0,0,No
0,0,0,0,0,0,1,0,0,0,0,0,154.35047,0,103.371,109.283,0,0,0,No
0,0,0,0,0,0,1,0,0,0,0,0,154.81991,0,109.283,103.371,0,0,0,No
0,0,0,0,0,0,1,0,0,0,0,0,154.84673,0,109.283,102.893,0,0,0,No
0,0,0,0,0,0,1,0,0,0,0,0,155.35408,0,102.893,109.283,0,0,0,No
0,0,0,0,0,0,1,0,0,0,0,0,155.3809,0,102.416,109.283,0,0,0,No
0,0,0,0,0,0,1,0,0,0,0,0,155.92617,0,109.283,102.416,0,0,0,No
0,0,0,0,0,0,1,0,0,0,0,0,155.95298,0,109.283,101.938,0,0,0,No
0,0,0,0,0,0,1,0,0,0,0,0,156.53618,0,101.938,109.283,0,0,0,No
0,0,0,0,0,0,1,0,0,0,0,0,156.56299,0,101.461,109.283,0,0,0,No
0,0,0,0,0,0,1,0,0,0,0,0,157.1841,0,109.283,101.461,0,0,0,No
0,0,0,0,0,0,1,0,0,0,0,0,157.21091,0,109.283,100.983,0,0,0,No
0,0,0,0,0,0,1,0,0,0,0,0,157.86994,0,100.983,109.283,0,0,0,No
0,0,0,0,0,0,1,0,0,0,0,0,157.89675,0,100.506,109.283,0,0,0,No
0,0,0,0,0,0,1,0,0,0,0,0,158.59369,0,109.283,100.506,0,0,0,No
0,0,0,0,0,0,1,0,0,0,0,0,158.62051,0,109.283,100.028,0,0,0,No
0,0,0,0,0,0,1,0,0,0,0,0,159.35537,0,100.028,109.283,0,0,0,No
0,0,0,0,0,0,1,0,0,0,0,0,159.38218,0,99.551,109.283,0,0,0,No
0,0,0,0,0,0,1,0,0,0,0,0,160.15496,0,109.283,99.551,0,0,0,No
0,0,0,0,0,0,1,0,0,0,0,0,160.18177,0,109.283,99.073,0,0,0,No
0,0,0,0,0,0,1,0,0,0,0,0,160.99247,0,99.073,109.283,0,0,0,No
0,0,0,0,0,0,1,0,0,0,0,0,161.01928,0,98.596,109.283,0,0,0,No
0,0,0,0,0,0,1,0,0,0,0,0,161.86789,0,109.283,98.596,0,0,0,No
0,0,0,0,0,0,1,0,0,0,0,0,161.8947,0,109.283,98.118,0,0,0,No
0,0,0,0,0,0,1,0,0,0,0,0,162.78123,0,98.118,109.283,0,0,0,No
0,0,0,0,0,0,1,0,0,0,0,0,162.80805,0,97.641,109.283,0,0,0,No
0,0,0,0,0,0,1,0,0,0,0,0,163.73249,0,109.283,97.641,0,0,0,No
0,0,0,0,0,0,1,0,0,0,0,0,163.75931,0,109.283,97.163,0,0,0,No
0,0,0,0,0,0,1,0,0,0,0,0,164.72167,0,97.163,109.283,0,0,0,No
0,0,0,0,0,0,1,0,0,0,0,0,164.74848,0,96.686,109.283,0,0,0,No
0,0,0,0,0,0,1,0,0,0,0,0,165.74877,0,109.283,96.686,0,0,0,No
0,0,0,0,0,0,1,0,0,0,0,0,165.77558,0,109.283,96.208,0,0,0,No
0,0,0,0,0,0,1,0,0,0,0,0,166.81378,0,96.208,109.283,0,0,0,No
0,0,0,0,0,0,1,0,0,0,0,0,166.84059,0,95.731,109.283,0,0,0,No
0,0,0,0,0,0,1,0,0,0,0,0,167.91671,0,109.283,95.731,0,0,0,No
0,0,0,0,0,0,1,0,0,0,0,0,167.94352,0,109.283,95.254,0,0,0,No
0,0,0,0,0,0,1,0,0,0,0,0,169.05755,0,95.253,109.283,0,0,0,No
0,0,0,0,0,0,1,0,0,0,0,0,169.08436,0,94.776,109.283,0,0,0,No
0,0,0,0,0,0,1,0,0,0,0,0,170.23632,0,109.283,94.776,0,0,0,No
0,0,0,0,0,0,1,0,0,0,0,0,170.26313,0,109.283,94.299,0,0,0,No
0,0,0,0,0,0,1,0,0,0,0,0,171.453,0,94.299,109.283,0,0,0,No
0,0,0,0,0,0,1,0,0,0,0,0,171.47981,0,93.821,109.283,0,0,0,No
0,0,0,0,0,0,1,0,0,0,0,0,172.70759,0,109.283,93.821,0,0,0,No
0,0,0,0,0,0,1,0,0,0,0,0,172.73441,0,109.283,93.344,0,0,0,No
0,0,0,0,0,0,1,0,0,0,0,0,174.00011,0,93.344,109.283,0,0,0,No
0,0,0,0,0,0,1,0,0,0,0,0,174.02692,0,92.866,109.283,0,0,0,No
0,0,0,0,0,0,1,0,0,0,0,0,175.33054,0,109.283,92.866,0,0,0,No
0,0,0,0,0,0,1,0,0,0,0,0,175.35735,0,109.283,92.389,0,0,0,No
0,0,0,0,0,0,1,0,0,0,0,0,176.69889,0,92.389,109.283,0,0,0,No
0,0,0,0,0,0,1,0,0,0,0,0,176.7257,0,91.911,109.283,0,0,0,No
0,0,0,0,0,0,1,0,0,0,0,0,178.10516,0,109.283,91.911,0,0,0,No
0,0,0,0,0,0,1,0,0,0,0,0,178.13197,0,109.283,91.434,0,0,0,No
0,0,0,0,0,0,1,0,0,0,0,0,179.54934,0,91.434,109.283,0,0,0,No
0,0,0,0,0,0,1,0,0,0,0,0,179.57615,0,90.956,109.283,0,0,0,No
0,0,0,0,0,0,1,0,0,0,0,0,181.03144,0,109.283,90.956,0,0,0,No
0,0,0,0,0,0,1,0,0,0,0,0,181.0504,0,109.044,90.717,0,0,0,No
0,0,0,0,0,0,1,0,0,0,0,0,182.50569,0,90.717,109.044,0,0,0,No
0,0,0,0,0,0,1,0,0,0,0,0,182.5325,0,90.717,108.566,0,0,0,No
0,0,0,0,0,0,1,0,0,0,0,0,183.94987,0,108.566,90.717,0,0,0,No
0,0,0,0,0,0,1,0,0,0,0,0,183.97668,0,108.089,90.717,0,0,0,No
0,0,0,0,0,0,1,0,0,0,0,0,185.35614,0,90.717,108.089,0,0,0,No
0,0,0,0,0,0,1,0,0,0,0,0,185.38295,0,90.717,107.611,0,0,0,No
0,0,0,0,0,0,1,0,0,0,0,0,186.72448,0,107.611,90.717,0,0,0,No
0,0,0,0,0,0,1,0,0,0,0,0,186.7513,0,107.134,90.717,0,0,0,No
0,0,0,0,0,0,1,0,0,0,0,0,188.05491,0,90.717,107.134,0,0,0,No
0,0,0,0,0,0,1,0,0,0,0,0,188.08173,0,90.717,106.656,0,0,0,No
0,0,0,0,0,0,1,0,0,0,0,0,189.34743,0,106.656,90.717,0,0,0,No
0,0,0,0,0,0,1,0,0,0,0,0,189.37424,0,106.179,90.717,0,0,0,No
0,0,0,0,0,0,1,0,0,0,0,0,190.60202,0,90.717,106.179,0,0,0,No
0,0,0,0,0,0,1,0,0,0,0,0,190.62883,0,90.717,105.701,0,0,0,No
0,0,0,0,0,0,1,0,0,0,0,0,191.8187,0,105.701,90.717,0,0,0,No
0,0,0,0,0,0,1,0,0,0,0,0,191.84551,0,105.224,90.717,0,0,0,No
0,0,0,0,0,0,1,0,0,0,0,0,192.99746,0,90.717,105.224,0,0,0,No
0,0,0,0,0,0,1,0,0,0,0,0,193.02427,0,90.717,104.746,0,0,0,No
0,0,0,0,0,0,1,0,0,0,0,0,194.13831,0,104.746,90.717,0,0,0,No
0,0,0,0,0,0,1,0,0,0,0,0,194.16512,0,104.269,90.717,0,0,0,No
0,0,0,0,0,0,1,0,0,0,0,0,195.24123,0,90.717,104.269,0,0,0,No
0,0,0,0,0,0,1,0,0,0,0,0,195.26804,0,90.717,103.791,0,0,0,No
0,0,0,0,0,0,1,0,0,0,0,0,196.30624,0,103.791,90.717,0,0,0,No
0,0,0,0,0,0,1,0,0,0,0,0,196.33305,0,103.314,90.717,0,0,0,No
0,0,0,0,0,0,1,0,0,0,0,0,197.33333,0,90.717,103.314,0,0,0,No
0,0,0,0,0,0,1,0,0,0,0,0,197.36014,0,90.717,102.836,0,0,0,No
0,0,0,0,0,0,1,0,0,0,0,0,198.32251,0,102.836,90.717,0,0,0,No
0,0,0,0,0,0,1,0,0,0,0,0,198.34932,0,102.359,90.717,0,0,0,No
0,0,0,0,0,0,1,0,0,0,0,0,199.27377,0,90.717,102.359,0,0,0,No
0,0,0,0,0,0,1,0,0,0,0,0,199.30058,0,90.717,101.881,0,0,0,No
0,0,0,0,0,0,1,0,0,0,0,0,200.18711,0,101.881,90.717,0,0,0,No
0,0,0,0,0,0,1,0,0,0,0,0,200.21392,0,101.404,90.717,0,0,0,No
0,0,0,0,0,0,1,0,0,0,0,0,201.06253,0,90.717,101.404,0,0,0,No
0,0,0,0,0,0,1,0,0,0,0,0,201.08934,0,90.717,100.926,0,0,0,No
0,0,0,0,0,0,1,0,0,0,0,0,201.90003,0,100.926,90.717,0,0,0,No
0,0,0,0,0,0,1,0,0,0,0,0,201.92685,0,100.449,90.717,0,0,0,No
0,0,0,0,0,0,1,0,0,0,0,0,202.69962,0,90.717,100.449,0,0,0,No
0,0,0,0,0,0,1,0,0,0,0,0,202.72643,0,90.717,99.971,0,0,0,No
0,0,0,0,0,0,1,0,0,0,0,0,203.46129,0,99.971,90.717,0,0,0,No
0,0,0,0,0,0,1,0,0,0,0,0,203.48811,0,99.494,90.717,0,0,0,No
0,0,0,0,0,0,1,0,0,0,0,0,204.18505,0,90.717,99.494,0,0,0,No
0,0,0,0,0,0,1,0,0,0,0,0,204.21186,0,90.717,99.016,0,0,0,No
0,0,0,0,0,0,1,0,0,0,0,0,204.87088,0,99.016,90.717,0,0,0,No
0,0,0,0,0,0,1,0,0,0,0,0,204.8977,0,98.539,90.717,0,0,0,No
0,0,0,0,0,0,1,0,0,0,0,0,205.5188,0,90.717,98.539,0,0,0,No
0,0,0,0,0,0,1,0,0,0,0,0,205.54562,0,90.717,98.061,0,0,0,No
0,0,0,0,0,0,1,0,0,0,0,0,206.12881,0,98.061,90.717,0,0,0,No
0,0,0,0,0,0,1,0,0,0,0,0,206.15562,0,97.584,90.717,0,0,0,No
0,0,0,0,0,0,1,0,0,0,0,0,206.70089,0,90.717,97.584,0,0,0,No
0,0,0,0,0,0,1,0,0,0,0,0,206.7277,0,90.717,97.107,0,0,0,No
0,0,0,0,0,0,1,0,0,0,0,0,207.23506,0,97.106,90.717,0,0,0,No
0,0,0,0,0,0,1,0,0,0,0,0,207.26187,0,96.629,90.717,0,0,0,No
0,0,0,0,0,0,1,0,0,0,0,0,207.73131,0,90.717,96.629,0,0,0,No
0,0,0,0,0,0,1,0,0,0,0,0,207.75812,0,90.717,96.152,0,0,0,No
0,0,0,0,0,0,1,0,0,0,0,0,208.18964,0,96.152,90.717,0,0,0,No
0,0,0,0,0,0,1,0,0,0,0,0,208.21645,0,95.674,90.717,0,0,0,No
0,0,0,0,0,0,1,0,0,0,0,0,208.61006,0,90.717,95.674,0,0,0,No
0,0,0,0,0,0,1,0,0,0,0,0,208.63687,0,90.717,95.197,0,0,0,No
0,0,0,0,0,0,1,0,0,0,0,0,208.99256,0,95.197,90.717,0,0,0,No
0,0,0,0,0,0,1,0,0,0,0,0,209.01937,0,94.719,90.717,0,0,0,No
0,0,0,0,0,0,1,0,0,0,0,0,209.33714,0,90.717,94.719,0,0,0,No
0,0,0,0,0,0,1,0,0,0,0,0,209.36395,0,90.717,94.242,0,0,0,No
0,0,0,0,0,0,1,0,0,0,0,0,209.6438,0,94.242,90.717,0,0,0,No
0,0,0,0,0,0,1,0,0,0,0,0,209.67061,0,93.764,90.717,0,0,0,No
0,0,0,0,0,0,1,0,0,0,0,0,209.91255,0,90.717,93.764,0,0,0,No
0,0,0,0,0,0,1,0,0,0,0,0,209.93936,0,90.717,93.287,0,0,0,No
0,0,0,0,0,0,1,0,0,0,0,0,210.14338,0,93.287,90.717,0,0,0,No
0,0,0,0,0,0,1,0,0,0,0,0,210.17019,0,92.809,90.717,0,0,0,No
0,0,0,0,0,0,1,0,0,0,0,0,210.33629,0,90.717,92.809,0,0,0,No
0,0,0,0,0,0,1,0,0,0,0,0,210.3631,0,90.717,92.332,0,0,0,No
0,0,0,0,0,0,1,0,0,0,0,0,210.49128,0,92.332,90.717,0,0,0,No
0,0,0,0,0,0,1,0,0,0,0,0,210.5181,0,91.854,90.717,0,0,0,No
0,0,0,0,0,0,1,0,0,0,0,0,210.60836,0,90.717,91.854,0,0,0,No
0,0,0,0,0,0,1,0,0,0,0,0,210.63517,0,90.717,91.377,0,0,0,No
0,0,0,0,0,0,1,0,0,0,0,0,210.68752,0,91.377,90.717,0,0,0,No
0,0,0,0,0,0,1,0,0,0,0,0,210.71433,0,90.899,90.717,0,0,0,No
0,0,0,0,0,0,1,0,0,0,0,0,210.72877,0,90.717,90.899,0,0,0,No
0,0,0,0,0,4800,1,2.2,0,0,0,0,0,0,0,0,0,0,0,No
0,0,0,0,0,4800,1,0,0,0,0,0,0,0,109.8,109.8,0,0,0,No
0,0,0,0,0,1680,1,0,0,0,0,0,211.75277,0,90.2,109.8,0,0,0,No
0,0,0,0,0,0,1,0,0,0,0,0,212.77677,0,90.2,90.2,0,0,0,No
0,0,0,0,0,0,1,0,0,0,0,0,213.80077,0,109.8,90.2,0,0,0,No
0,0,0,0,0,0,1,0,0,0,0,0,214.82163,0,109.8,109.74,0,0,0,No
0,0,0,0,0,4800,1,0,0,0,0,0,0,0,109.454,109.6,0,0,0,No
0,0,0,0,0,4800,1,0,0,0,0,0,0,0,109.476,109.476,0,0,0,No
0,0,0,0,0,2400,1,0,0,0,0,0,215.87479,0,90.524,109.476,0,0,0,No
0,0,0,0,0,0,1,0,0,0,0,0,216.92796,0,90.524,90.524,0,0,0,No
0,0,0,0,0,0,1,0,0,0,0,0,217.98112,0,109.476,90.524,0,0,0,No
0,0,0,0,0,0,1,0,0,0,0,0,219.03095,0,109.476,109.416,0,0,0,No
0,0,0,0,0,4800,1,0,0,0,0,0,0,0,109.283,90.899,0,0,0,No
0,0,0,0,0,3000,1,0,0,0,0,0,219.04538,0,109.101,90.717,0,0,0,No
0,0,0,0,0,0,1,0,0,0,0,0,219.07219,0,108.623,90.717,0,0,0,No
0,0,0,0,0,0,1,0,0,0,0,0,219.12454,0,109.283,91.377,0,0,0,No
0,0,0,0,0,0,1,0,0,0,0,0,219.15136,0,109.283,91.854,0,0,0,No
0,0,0,0,0,0,1,0,0,0,0,0,219.24162,0,108.146,90.717,0,0,0,No
0,0,0,0,0,0,1,0,0,0,0,0,219.26844,0,107.668,90.717,0,0,0,No
0,0,0,0,0,0,1,0,0,0,0,0,219.39662,0,109.283,92.332,0,0,0,No
0,0,0,0,0,0,1,0,0,0,0,0,219.42343,0,109.283,92.809,0,0,0,No
0,0,0,0,0,0,1,0,0,0,0,0,219.58954,0,107.191,90.717,0,0,0,No
0,0,0,0,0,0,1,0,0,0,0,0,219.61635,0,106.713,90.717,0,0,0,No
0,0,0,0,0,0,1,0,0,0,0,0,219.82037,0,109.283,93.287,0,0,0,No
0,0,0,0,0,0,1,0,0,0,0,0,219.84718,0,109.283,93.764,0,0,0,No
0,0,0,0,0,0,1,0,0,0,0,0,220.08912,0,106.236,90.717,0,0,0,No
0,0,0,0,0,0,1,0,0,0,0,0,220.11593,0,105.758,90.717,0,0,0,No
0,0,0,0,0,0,1,0,0,0,0,0,220.39579,0,109.283,94.242,0,0,0,No
0,0,0,0,0,0,1,0,0,0,0,0,220.4226,0,109.283,94.719,0,0,0,No
0,0,0,0,0,0,1,0,0,0,0,0,220.74037,0,105.281,90.717,0,0,0,No
0,0,0,0,0,0,1,0,0,0,0,0,220.76718,0,104.803,90.717,0,0,0,No
0,0,0,0,0,0,1,0,0,0,0,0,221.12287,0,109.283,95.197,0,0,0,No
0,0,0,0,0,0,1,0,0,0,0,0,221.14968,0,109.283,95.674,0,0,0,No
0,0,0,0,0,0,1,0,0,0,0,0,221.54329,0,104.326,90.717,0,0,0,No
0,0,0,0,0,0,1,0,0,0,0,0,221.5701,0,103.848,90.717,0,0,0,No
0,0,0,0,0,0,1,0,0,0,0,0,222.00162,0,109.283,96.152,0,0,0,No
0,0,0,0,0,0,1,0,0,0,0,0,222.02844,0,109.283,96.629,0,0,0,No
0,0,0,0,0,0,1,0,0,0,0,0,222.49788,0,103.371,90.717,0,0,0,No
0,0,0,0,0,0,1,0,0,0,0,0,222.52469,0,102.893,90.717,0,0,0,No
0,0,0,0,0,0,1,0,0,0,0,0,223.03205,0,109.283,97.107,0,0,0,No
0,0,0,0,0,0,1,0,0,0,0,0,223.05886,0,109.283,97.584,0,0,0,No
0,0,0,0,0,0,1,0,0,0,0,0,223.60413,0,102.416,90.717,0,0,0,No
0,0,0,0,0,0,1,0,0,0,0,0,223.63095,0,101.938,90.717,0,0,0,No
0,0,0,0,0,0,1,0,0,0,0,0,224.21414,0,109.283,98.062,0,0,0,No
0,0,0,0,0,0,1,0,0,0,0,0,224.24095,0,109.283,98.539,0,0,0,No
0,0,0,0,0,0,1,0,0,0,0,0,224.86206,0,101.461,90.717,0,0,0,No
0,0,0,0,0,0,1,0,0,0,0,0,224.88887,0,100.983,90.717,0,0,0,No
0,0,0,0,0,0,1,0,0,0,0,0,225.5479,0,109.283,99.017,0,0,0,No
0,0,0,0,0,0,1,0,0,0,0,0,225.57471,0,109.283,99.494,0,0,0,No
0,0,0,0,0,0,1,0,0,0,0,0,226.27166,0,100.506,90.717,0,0,0,No
0,0,0,0,0,0,1,0,0,0,0,0,226.29847,0,100.028,90.717,0,0,0,No
0,0,0,0,0,0,1,0,0,0,0,0,227.03333,0,109.283,99.972,0,0,0,No
0,0,0,0,0,0,1,0,0,0,0,0,227.06014,0,109.283,100.449,0,0,0,No
0,0,0,0,0,0,1,0,0,0,0,0,227.83292,0,99.551,90.717,0,0,0,No
0,0,0,0,0,0,1,0,0,0,0,0,227.85973,0,99.073,90.717,0,0,0,No
0,0,0,0,0,0,1,0,0,0,0,0,228.67043,0,109.283,100.927,0,0,0,No
0,0,0,0,0,0,1,0,0,0,0,0,228.69724,0,109.283,101.404,0,0,0,No
0,0,0,0,0,0,1,0,0,0,0,0,229.54585,0,98.596,90.717,0,0,0,No
0,0,0,0,0,0,1,0,0,0,0,0,229.57267,0,98.118,90.717,0,0,0,No
0,0,0,0,0,0,1,0,0,0,0,0,230.4592,0,109.283,101.882,0,0,0,No
0,0,0,0,1,0,0,0,0,0,0,0,0,0,0,0,0,0,0,Yes
0,0,0,0,0,0,1,0,0,0,0,0,230.48601,0,109.283,102.359,0,0,0,No
0,0,0,0,1,0,0,0,0,0,0,0,0,0,0,0,0,0,0,Yes
0,0,0,0,0,0,1,0,0,0,0,0,231.41046,0,97.641,90.717,0,0,0,No
0,0,0,0,1,0,0,0,0,0,0,0,0,0,0,0,0,0,0,Yes
0,0,0,0,0,0,1,0,0,0,0,0,231.43727,0,97.163,90.717,0,0,0,No
0,0,0,0,1,0,0,0,0,0,0,0,0,0,0,0,0,0,0,Yes
0,0,0,0,0,0,1,0,0,0,0,0,232.39963,0,109.283,102.837,0,0,0,No
0,0,0,0,1,0,0,0,0,0,0,0,0,0,0,0,0,0,0,Yes
0,0,0,0,0,0,1,0,0,0,0,0,232.42645,0,109.283,103.314,0,0,0,No
0,0,0,0,0,0,1,0,0,0,0,0,233.42673,0,96.686,90.717,0,0,0,No
0,0,0,0,0,0,1,0,0,0,0,0,233.45354,0,96.208,90.717,0,0,0,No
0,0,0,0,0,0,1,0,0,0,0,0,234.49174,0,109.283,103.792,0,0,0,No
0,0,0,0,0,0,1,0,0,0,0,0,234.51855,0,109.283,104.269,0,0,0,No
0,0,0,0,0,0,1,0,0,0,0,0,235.59467,0,95.731,90.717,0,0,0,No
0,0,0,0,0,0,1,0,0,0,0,0,235.62148,0,95.254,90.717,0,0,0,No
0,0,0,0,0,0,1,0,0,0,0,0,236.73552,0,109.283,104.746,0,0,0,No
0,0,0,0,0,0,1,0,0,0,0,0,236.76233,0,109.283,105.224,0,0,0,No
0,0,0,0,0,0,1,0,0,0,0,0,237.91428,0,94.776,90.717,0,0,0,No
0,0,0,0,0,0,1,0,0,0,0,0,237.94109,0,94.299,90.717,0,0,0,No
0,0,0,0,0,0,1,0,0,0,0,0,239.13096,0,109.283,105.701,0,0,0,No
0,0,0,0,0,0,1,0,0,0,0,0,239.15777,0,109.283,106.179,0,0,0,No
0,0,0,0,0,0,1,0,0,0,0,0,240.38556,0,93.821,90.717,0,0,0,No
0,0,0,0,0,0,1,0,0,0,0,0,240.41237,0,93.344,90.717,0,0,0,No
0,0,0,0,0,0,1,0,0,0,0,0,241.67807,0,109.283,106.656,0,0,0,No
0,0,0,0,0,0,1,0,0,0,0,0,241.70488,0,109.283,107.134,0,0,0,No
0,0,0,0,0,0,1,0,0,0,0,0,243.00851,0,92.866,90.717,0,0,0,No
0,0,0,0,0,0,1,0,0,0,0,0,243.03532,0,92.389,90.717,0,0,0,No
0,0,0,0,0,0,1,0,0,0,0,0,244.37686,0,109.283,107.611,0,0,0,No
0,0,0,0,0,0,1,0,0,0,0,0,244.40367,0,109.283,108.089,0,0,0,No
0,0,0,0,0,0,1,0,0,0,0,0,245.78312,0,91.911,90.717,0,0,0,No
0,0,0,0,0,0,1,0,0,0,0,0,245.80993,0,91.434,90.717,0,0,0,No
0,0,0,0,0,0,1,0,0,0,0,0,247.22731,0,109.283,108.566,0,0,0,No
0,0,0,0,0,0,1,0,0,0,0,0,247.25412,0,109.283,109.044,0,0,0,No
0,0,0,0,0,0,1,0,0,0,0,0,248.70941,0,90.956,90.717,0,0,0,No
0,0,0,0,0,0,1,0,0,0,0,0,248.72837,0,90.717,90.956,0,0,0,No
0,0,0,0,0,0,1,0,0,0,0,0,250.18365,0,109.044,109.283,0,0,0,No
0,0,0,0,0,0,1,0,0,0,0,0,250.21047,0,108.566,109.283,0,0,0,No
0,0,0,0,0,0,1,0,0,0,0,0,251.62784,0,90.717,91.434,0,0,0,No
0,0,0,0,0,0,1,0,0,0,0,0,251.65465,0,90.717,91.911,0,0,0,No
0,0,0,0,0,0,1,0,0,0,0,0,253.0341,0,108.089,109.283,0,0,0,No
0,0,0,0,0,0,1,0,0,0,0,0,253.06091,0,107.611,109.283,0,0,0,No
0,0,0,0,0,0,1,0,0,0,0,0,254.40245,0,90.717,92.389,0,0,0,No
0,0,0,0,0,0,1,0,0,0,0,0,254.42926,0,90.717,92.866,0,0,0,No
0,0,0,0,0,0,1,0,0,0,0,0,255.73288,0,107.134,109.283,0,0,0,No
0,0,0,0,0,0,1,0,0,0,0,0,255.75969,0,106.656,109.283,0,0,0,No
0,0,0,0,0,0,1,0,0,0,0,0,257.02539,0,90.717,93.344,0,0,0,No
0,0,0,0,0,0,1,0,0,0,0,0,257.0522,0,90.717,93.821,0,0,0,No
0,0,0,0,0,0,1,0,0,0,0,0,258.27999,0,106.179,109.283,0,0,0,No
0,0,0,0,0,0,1,0,0,0,0,0,258.3068,0,105.701,109.283,0,0,0,No
0,0,0,0,0,0,1,0,0,0,0,0,259.49666,0,90.717,94.299,0,0,0,No
0,0,0,0,0,0,1,0,0,0,0,0,259.52348,0,90.717,94.776,0,0,0,No
0,0,0,0,0,0,1,0,0,0,0,0,260.67542,0,105.224,109.283,0,0,0,No
0,0,0,0,0,0,1,0,0,0,0,0,260.70224,0,104.746,109.283,0,0,0,No
0,0,0,0,0,0,1,0,0,0,0,0,261.81627,0,90.717,95.254,0,0,0,No
0,0,0,0,0,0,1,0,0,0,0,0,261.84308,0,90.717,95.731,0,0,0,No
0,0,0,0,0,0,1,0,0,0,0,0,262.91919,0,104.269,109.283,0,0,0,No
0,0,0,0,0,0,1,0,0,0,0,0,262.94601,0,103.791,109.283,0,0,0,No
0,0,0,0,0,0,1,0,0,0,0,0,263.9842,0,90.717,96.209,0,0,0,No
0,0,0,0,0,0,1,0,0,0,0,0,264.01102,0,90.717,96.686,0,0,0,No
0,0,0,0,0,0,1,0,0,0,0,0,265.0113,0,103.314,109.283,0,0,0,No
0,0,0,0,0,0,1,0,0,0,0,0,265.03811,0,102.836,109.283,0,0,0,No
0,0,0,0,0,0,1,0,0,0,0,0,266.00047,0,90.717,97.164,0,0,0,No
0,0,0,0,0,0,1,0,0,0,0,0,266.02728,0,90.717,97.641,0,0,0,No
0,0,0,0,0,0,1,0,0,0,0,0,266.95173,0,102.359,109.283,0,0,0,No
0,0,0,0,0,0,1,0,0,0,0,0,266.97854,0,101.881,109.283,0,0,0,No
0,0,0,0,0,0,1,0,0,0,0,0,267.86507,0,90.717,98.119,0,0,0,No
0,0,0,0,0,0,1,0,0,0,0,0,267.89188,0,90.717,98.596,0,0,0,No
0,0,0,0,0,0,1,0,0,0,0,0,268.74049,0,101.404,109.283,0,0,0,No
0,0,0,0,0,0,1,0,0,0,0,0,268.7673,0,100.926,109.283,0,0,0,No
0,0,0,0,0,0,1,0,0,0,0,0,269.578,0,90.717,99.074,0,0,0,No
0,0,0,0,0,0,1,0,0,0,0,0,269.60481,0,90.717,99.551,0,0,0,No
0,0,0,0,0,0,1,0,0,0,0,0,270.37759,0,100.449,109.283,0,0,0,No
0,0,0,0,0,0,1,0,0,0,0,0,270.4044,0,99.971,109.283,0,0,0,No
0,0,0,0,0,0,1,0,0,0,0,0,271.13926,0,90.717,100.029,0,0,0,No
0,0,0,0,0,0,1,0,0,0,0,0,271.16607,0,90.717,100.506,0,0,0,No
0,0,0,0,0,0,1,0,0,0,0,0,271.86301,0,99.494,109.283,0,0,0,No
0,0,0,0,0,0,1,0,0,0,0,0,271.88982,0,99.016,109.283,0,0,0,No
0,0,0,0,0,0,1,0,0,0,0,0,272.54885,0,90.717,100.984,0,0,0,No
0,0,0,0,0,0,1,0,0,0,0,0,272.57566,0,90.717,101.461,0,0,0,No
0,0,0,0,0,0,1,0,0,0,0,0,273.19677,0,98.539,109.283,0,0,0,No
0,0,0,0,0,0,1,0,0,0,0,0,273.22358,0,98.061,109.283,0,0,0,No
0,0,0,0,0,0,1,0,0,0,0,0,273.80677,0,90.717,101.939,0,0,0,No
0,0,0,0,0,0,1,0,0,0,0,0,273.83358,0,90.717,102.416,0,0,0,No
0,0,0,0,0,0,1,0,0,0,0,0,274.37885,0,97.584,109.283,0,0,0,No
0,0,0,0,0,0,1,0,0,0,0,0,274.40566,0,97.106,109.283,0,0,0,No
0,0,0,0,0,0,1,0,0,0,0,0,274.91302,0,90.717,102.893,0,0,0,No
0,0,0,0,0,0,1,0,0,0,0,0,274.93983,0,90.717,103.371,0,0,0,No
0,0,0,0,0,0,1,0,0,0,0,0,275.40927,0,96.629,109.283,0,0,0,No
0,0,0,0,0,0,1,0,0,0,0,0,275.43608,0,96.152,109.283,0,0,0,No
0,0,0,0,0,0,1,0,0,0,0,0,275.8676,0,90.717,103.848,0,0,0,No
0,0,0,0,0,0,1,0,0,0,0,0,275.89442,0,90.717,104.326,0,0,0,No
0,0,0,0,0,0,1,0,0,0,0,0,276.28802,0,95.674,109.283,0,0,0,No
0,0,0,0,0,0,1,0,0,0,0,0,276.31483,0,95.197,109.283,0,0,0,No
0,0,0,0,0,0,1,0,0,0,0,0,276.67052,0,90.717,104.803,0,0,0,No
0,0,0,0,0,0,1,0,0,0,0,0,276.69733,0,90.717,105.281,0,0,0,No
0,0,0,0,0,0,1,0,0,0,0,0,277.0151,0,94.719,109.283,0,0,0,No
0,0,0,0,0,0,1,0,0,0,0,0,277.04191,0,94.242,109.283,0,0,0,No
0,0,0,0,0,0,1,0,0,0,0,0,277.32176,0,90.717,105.758,0,0,0,No
0,0,0,0,0,0,1,0,0,0,0,0,277.34857,0,90.717,106.236,0,0,0,No
0,0,0,0,0,0,1,0,0,0,0,0,277.59051,0,93.764,109.283,0,0,0,No
0,0,0,0,0,0,1,0,0,0,0,0,277.61732,0,93.287,109.283,0,0,0,No
0,0,0,0,0,0,1,0,0,0,0,0,277.82134,0,90.717,106.713,0,0,0,No
0,0,0,0,0,0,1,0,0,0,0,0,277.84815,0,90.717,107.191,0,0,0,No
0,0,0,0,0,0,1,0,0,0,0,0,278.01425,0,92.809,109.283,0,0,0,No
0,0,0,0,0,0,1,0,0,0,0,0,278.04106,0,92.332,109.283,0,0,0,No
0,0,0,0,0,0,1,0,0,0,0,0,278.16925,0,90.717,107.668,0,0,0,No
0,0,0,0,0,0,1,0,0,0,0,0,278.19606,0,90.717,108.146,0,0,0,No
0,0,0,0,0,0,1,0,0,0,0,0,278.28632,0,91.854,109.283,0,0,0,No
0,0,0,0,0,0,1,0,0,0,0,0,278.31314,0,91.377,109.283,0,0,0,No
0,0,0,0,0,0,1,0,0,0,0,0,278.36548,0,90.717,108.623,0,0,0,No
0,0,0,0,0,0,1,0,0,0,0,0,278.3923,0,90.717,109.101,0,0,0,No
0,0,0,0,0,0,1,0,0,0,0,0,278.40673,0,90.899,109.283,0,0,0,No
0,0,127.5,0,0,0,0,0,0,0,0,0,0,0,0,0,0,1,0,No
0,0,0,0,0,4800,1,2.6,0,0,0,0,0,0,0,0,0,0,0,No
0,0,0,0,0,3600,1,0,0,0,0,0,277.40673,0,0,0,0,0,0,No
0,0,0,0,0,0,0,0,0,0,0,0,0,1,0,0,0,0,0,No
0,0,0,0,0,4800,1,0,0,0,0,0,0,0,109.8,109.8,0,0,0,No
0,0,0,0,0,3600,1,0,0,0,0,0,2.5,0,0,0,0,0,0,No
0,0,0,0,0,1680,1,0,0,0,0,0,3.524,0,90.2,109.8,0,0,0,No
0,0,0,0,0,0,1,0,0,0,0,0,4.548,0,90.2,90.2,0,0,0,No
0,0,0,0,0,0,1,0,0,0,0,0,5.572,0,109.8,90.2,0,0,0,No
0,0,0,0,0,0,1,0,0,0,0,0,6.59287,0,109.8,109.74,0,0,0,No
0,0,0,0,0,4800,1,0,0,0,0,0,0,0,109.454,109.6,0,0,0,No
0,0,0,0,0,4800,1,0,0,0,0,0,0,0,109.476,109.476,0,0,0,No
0,0,0,0,0,2400,1,0,0,0,0,0,7.64603,0,90.524,109.476,0,0,0,No
0,0,0,0,0,0,1,0,0,0,0,0,8.69919,0,90.524,90.524,0,0,0,No
0,0,0,0,0,0,1,0,0,0,0,0,9.75235,0,109.476,90.524,0,0,0,No
0,0,0,0,0,0,1,0,0,0,0,0,10.80218,0,109.476,109.416,0,0,0,No
0,0,0,0,0,4800,1,0,0,0,0,0,0,0,109.101,109.283,0,0,0,No
0,0,0,0,0,1500,1,0,0,0,0,0,10.81662,0,109.283,109.101,0,0,0,No
0,0,0,0,0,0,1,0,0,0,0,0,10.84343,0,109.283,108.623,0,0,0,No
0,0,0,0,0,0,1,0,0,0,0,0,10.89578,0,108.623,109.283,0,0,0,No
0,0,0,0,0,0,1,0,0,0,0,0,10.92259,0,108.146,109.283,0,0,0,No
0,0,0,0,0,0,1,0,0,0,0,0,11.01286,0,109.283,108.146,0,0,0,No
0,0,0,0,0,0,1,0,0,0,0,0,11.03967,0,109.283,107.668,0,0,0,No
0,0,0,0,0,0,1,0,0,0,0,0,11.16786,0,107.668,109.283,0,0,0,No
0,0,0,0,0,0,1,0,0,0,0,0,11.19467,0,107.191,109.283,0,0,0,No
0,0,0,0,0,0,1,0,0,0,0,0,11.36077,0,109.283,107.191,0,0,0,No
0,0,0,0,0,0,1,0,0,0,0,0,11.38758,0,109.283,106.713,0,0,0,No
0,0,0,0,0,0,1,0,0,0,0,0,11.5916,0,106.713,109.283,0,0,0,No
0,0,0,0,0,0,1,0,0,0,0,0,11.61841,0,106.236,109.283,0,0,0,No
0,0,0,0,0,0,1,0,0,0,0,0,11.86035,0,109.283,106.236,0,0,0,No
0,0,0,0,0,0,1,0,0,0,0,0,11.88716,0,109.283,105.758,0,0,0,No
0,0,0,0,0,0,1,0,0,0,0,0,12.16702,0,105.758,109.283,0,0,0,No
0,0,0,0,0,0,1,0,0,0,0,0,12.19383,0,105.281,109.283,0,0,0,No
0,0,0,0,0,0,1,0,0,0,0,0,12.5116,0,109.283,105.281,0,0,0,No
0,0,0,0,0,0,1,0,0,0,0,0,12.53841,0,109.283,104.803,0,0,0,No
0,0,0,0,0,0,1,0,0,0,0,0,12.8941,0,104.803,109.283,0,0,0,No
0,0,0,0,0,0,1,0,0,0,0,0,12.92092,0,104.326,109.283,0,0,0,No
0,0,0,0,0,0,1,0,0,0,0,0,13.31452,0,109.283,104.326,0,0,0,No
0,0,0,0,0,0,1,0,0,0,0,0,13.34133,0,109.283,103.848,0,0,0,No
0,0,0,0,0,0,1,0,0,0,0,0,13.77286,0,103.848,109.283,0,0,0,No
0,0,0,0,0,0,1,0,0,0,0,0,13.79967,0,103.371,109.283,0,0,0,No
0,0,0,0,0,0,1,0,0,0,0,0,14.26911,0,109.283,103.371,0,0,0,No
0,0,0,0,0,0,1,0,0,0,0,0,14.29592,0,109.283,102.893,0,0,0,No
0,0,0,0,0,0,1,0,0,0,0,0,14.80328,0,102.893,109.283,0,0,0,No
0,0,0,0,0,0,1,0,0,0,0,0,14.83009,0,102.416,109.283,0,0,0,No
0,0,0,0,0,0,1,0,0,0,0,0,15.37537,0,109.283,102.416,0,0,0,No
0,0,0,0,0,0,1,0,0,0,0,0,15.40218,0,109.283,101.938,0,0,0,No
0,0,0,0,0,0,1,0,0,0,0,0,15.98537,0,101.938,109.283,0,0,0,No
0,0,0,0,0,0,1,0,0,0,0,0,16.01218,0,101.461,109.283,0,0,0,No
0,0,0,0,0,0,1,0,0,0,0,0,16.63329,0,109.283,101.461,0,0,0,No
0,0,0,0,0,0,1,0,0,0,0,0,16.66011,0,109.283,100.983,0,0,0,No
0,0,0,0,0,0,1,0,0,0,0,0,17.31913,0,100.983,109.283,0,0,0,No
0,0,0,0,0,0,1,0,0,0,0,0,17.34595,0,100.506,109.283,0,0,0,No
0,0,0,0,0,0,1,0,0,0,0,0,18.04289,0,109.283,100.506,0,0,0,No
0,0,0,0,0,0,1,0,0,0,0,0,18.0697,0,109.283,100.028,0,0,0,No
0,0,0,0,0,0,1,0,0,0,0,0,18.80456,0,100.028,109.283,0,0,0,No
0,0,0,0,0,0,1,0,0,0,0,0,18.83138,0,99.551,109.283,0,0,0,No
0,0,0,0,0,0,1,0,0,0,0,0,19.60416,0,109.283,99.551,0,0,0,No
0,0,0,0,0,0,1,0,0,0,0,0,19.63097,0,109.283,99.073,0,0,0,No
0,0,0,0,0,0,1,0,0,0,0,0,20.44166,0,99.073,109.283,0,0,0,No
0,0,0,0,0,0,1,0,0,0,0,0,20.46847,0,98.596,109.283,0,0,0,No
0,0,0,0,0,0,1,0,0,0,0,0,21.31709,0,109.283,98.596,0,0,0,No
0,0,0,0,0,0,1,0,0,0,0,0,21.3439,0,109.283,98.118,0,0,0,No
0,0,0,0,0,0,1,0,0,0,0,0,22.23043,0,98.118,109.283,0,0,0,No
0,0,0,0,0,0,1,0,0,0,0,0,22.25724,0,97.641,109.283,0,0,0,No
0,0,0,0,0,0,1,0,0,0,0,0,23.18169,0,109.283,97.641,0,0,0,No
0,0,0,0,0,0,1,0,0,0,0,0,23.2085,0,109.283,97.163,0,0,0,No
0,0,0,0,0,0,1,0,0,0,0,0,24.17087,0,97.163,109.283,0,0,0,No
0,0,0,0,0,0,1,0,0,0,0,0,24.19768,0,96.686,109.283,0,0,0,No
0,0,0,0,0,0,1,0,0,0,0,0,25.19796,0,109.283,96.686,0,0,0,No
0,0,0,0,0,0,1,0,0,0,0,0,25.22477,0,109.283,96.208,0,0,0,No
0,0,0,0,0,0,1,0,0,0,0,0,26.26297,0,96.208,109.283,0,0,0,No
0,0,0,0,0,0,1,0,0,0,0,0,26.28979,0,95.731,109.283,0,0,0,No
0,0,0,0,0,0,1,0,0,0,0,0,27.3659,0,109.283,95.731,0,0,0,No
0,0,0,0,0,0,1,0,0,0,0,0,27.39271,0,109.283,95.254,0,0,0,No
0,0,0,0,0,0,1,0,0,0,0,0,28.50675,0,95.253,109.283,0,0,0,No
0,0,0,0,0,0,1,0,0,0,0,0,28.53356,0,94.776,109.283,0,0,0,No
0,0,0,0,0,0,1,0,0,0,0,0,29.68551,0,109.283,94.776,0,0,0,No
0,0,0,0,0,0,1,0,0,0,0,0,29.71232,0,109.283,94.299,0,0,0,No
0,0,0,0,0,0,1,0,0,0,0,0,30.90219,0,94.299,109.283,0,0,0,No
0,0,0,0,0,0,1,0,0,0,0,0,30.92901,0,93.821,109.283,0,0,0,No
0,0,0,0,0,0,1,0,0,0,0,0,32.15679,0,109.283,93.821,0,0,0,No
0,0,0,0,0,0,1,0,0,0,0,0,32.1836,0,109.283,93.344,0,0,0,No
0,0,0,0,0,0,1,0,0,0,0,0,33.44931,0,93.344,109.283,0,0,0,No
0,0,0,0,0,0,1,0,0,0,0,0,33.47612,0,92.866,109.283,0,0,0,No
0,0,0,0,0,0,1,0,0,0,0,0,34.77974,0,109.283,92.866,0,0,0,No
0,0,0,0,0,0,1,0,0,0,0,0,34.80655,0,109.283,92.389,0,0,0,No
0,0,0,0,0,0,1,0,0,0,0,0,36.14809,0,92.389,109.283,0,0,0,No
0,0,0,0,0,0,1,0,0,0,0,0,36.1749,0,91.911,109.283,0,0,0,No
0,0,0,0,0,0,1,0,0,0,0,0,37.55436,0,109.283,91.911,0,0,0,No
0,0,0,0,0,0,1,0,0,0,0,0,37.58117,0,109.283,91.434,0,0,0,No
0,0,0,0,0,0,1,0,0,0,0,0,38.99854,0,91.434,109.283,0,0,0,No
0,0,0,0,0,0,1,0,0,0,0,0,39.02535,0,90.956,109.283,0,0,0,No
0,0,0,0,0,0,1,0,0,0,0,0,40.48064,0,109.283,90.956,0,0,0,No
0,0,0,0,0,0,1,0,0,0,0,0,40.4996,0,109.044,90.717,0,0,0,No
0,0,0,0,0,0,1,0,0,0,0,0,41.95489,0,90.717,109.044,0,0,0,No
0,0,0,0,0,0,1,0,0,0,0,0,41.9817,0,90.717,108.566,0,0,0,No
0,0,0,0,0,0,1,0,0,0,0,0,43.39907,0,108.566,90.717,0,0,0,No
0,0,0,0,0,0,1,0,0,0,0,0,43.42588,0,108.089,90.717,0,0,0,No
0,0,0,0,0,0,1,0,0,0,0,0,44.80533,0,90.717,108.089,0,0,0,No
0,0,0,0,0,0,1,0,0,0,0,0,44.83215,0,90.717,107.611,0,0,0,No
0,0,0,0,0,0,1,0,0,0,0,0,46.17368,0,107.611,90.717,0,0,0,No
0,0,0,0,0,0,1,0,0,0,0,0,46.20049,0,107.134,90.717,0,0,0,No
0,0,0,0,0,0,1,0,0,0,0,0,47.50411,0,90.717,107.134,0,0,0,No
0,0,0,0,0,0,1,0,0,0,0,0,47.53092,0,90.717,106.656,0,0,0,No
0,0,0,0,0,0,1,0,0,0,0,0,48.79662,0,106.656,90.717,0,0,0,No
0,0,0,0,0,0,1,0,0,0,0,0,48.82344,0,106.179,90.717,0,0,0,No
0,0,0,0,0,0,1,0,0,0,0,0,50.05122,0,90.717,106.179,0,0,0,No
0,0,0,0,0,0,1,0,0,0,0,0,50.07803,0,90.717,105.701,0,0,0,No
0,0,0,0,0,0,1,0,0,0,0,0,51.2679,0,105.701,90.717,0,0,0,No
0,0,0,0,0,0,1,0,0,0,0,0,51.29471,0,105.224,90.717,0,0,0,No
0,0,0,0,0,0,1,0,0,0,0,0,52.44666,0,90.717,105.224,0,0,0,No
0,0,0,0,0,0,1,0,0,0,0,0,52.47347,0,90.717,104.746,0,0,0,No
0,0,0,0,0,0,1,0,0,0,0,0,53.5875,0,104.746,90.717,0,0,0,No
0,0,0,0,0,0,1,0,0,0,0,0,53.61431,0,104.269,90.717,0,0,0,No
0,0,0,0,0,0,1,0,0,0,0,0,54.69043,0,90.717,104.269,0,0,0,No
0,0,0,0,0,0,1,0,0,0,0,0,54.71724,0,90.717,103.791,0,0,0,No
0,0,0,0,0,0,1,0,0,0,0,0,55.75544,0,103.791,90.717,0,0,0,No
0,0,0,0,0,0,1,0,0,0,0,0,55.78225,0,103.314,90.717,0,0,0,No
0,0,0,0,0,0,1,0,0,0,0,0,56.78253,0,90.717,103.314,0,0,0,No
0,0,0,0,0,0,1,0,0,0,0,0,56.80934,0,90.717,102.836,0,0,0,No
0,0,0,0,0,0,1,0,0,0,0,0,57.77171,0,102.836,90.717,0,0,0,No
0,0,0,0,0,0,1,0,0,0,0,0,57.79852,0,102.359,90.717,0,0,0,No
0,0,0,0,0,0,1,0,0,0,0,0,58.72296,0,90.717,102.359,0,0,0,No
0,0,0,0,0,0,1,0,0,0,0,0,58.74977,0,90.717,101.881,0,0,0,No
0,0,0,0,0,0,1,0,0,0,0,0,59.6363,0,101.881,90.717,0,0,0,No
0,0,0,0,0,0,1,0,0,0,0,0,59.66311,0,101.404,90.717,0,0,0,No
0,0,0,0,0,0,1,0,0,0,0,0,60.51173,0,90.717,101.404,0,0,0,No
0,0,0,0,0,0,1,0,0,0,0,0,60.53854,0,90.717,100.926,0,0,0,No
0,0,0,0,0,0,1,0,0,0,0,0,61.34923,0,100.926,90.717,0,0,0,No
0,0,0,0,0,0,1,0,0,0,0,0,61.37604,0,100.449,90.717,0,0,0,No
0,0,0,0,0,0,1,0,0,0,0,0,62.14882,0,90.717,100.449,0,0,0,No
0,0,0,0,0,0,1,0,0,0,0,0,62.17563,0,90.717,99.971,0,0,0,No
0,0,0,0,0,0,1,0,0,0,0,0,62.91049,0,99.971,90.717,0,0,0,No
0,0,0,0,0,0,1,0,0,0,0,0,62.9373,0,99.494,90.717,0,0,0,No
0,0,0,0,0,0,1,0,0,0,0,0,63.63424,0,90.717,99.494,0,0,0,No
0,0,0,0,0,0,1,0,0,0,0,0,63.66106,0,90.717,99.016,0,0,0,No
0,0,0,0,0,0,1,0,0,0,0,0,64.32008,0,99.016,90.717,0,0,0,No
0,0,0,0,0,0,1,0,0,0,0,0,64.34689,0,98.539,90.717,0,0,0,No
0,0,0,0,0,0,1,0,0,0,0,0,64.968,0,90.717,98.539,0,0,0,No
0,0,0,0,0,0,1,0,0,0,0,0,64.99481,0,90.717,98.061,0,0,0,No
0,0,0,0,0,0,1,0,0,0,0,0,65.578,0,98.061,90.717,0,0,0,No
0,0,0,0,0,0,1,0,0,0,0,0,65.60481,0,97.584,90.717,0,0,0,No
0,0,0,0,0,0,1,0,0,0,0,0,66.15009,0,90.717,97.584,0,0,0,No
0,0,0,0,0,0,1,0,0,0,0,0,66.1769,0,90.717,97.107,0,0,0,No
0,0,0,0,0,0,1,0,0,0,0,0,66.68426,0,97.106,90.717,0,0,0,No
0,0,0,0,0,0,1,0,0,0,0,0,66.71107,0,96.629,90.717,0,0,0,No
0,0,0,0,0,0,1,0,0,0,0,0,67.18051,0,90.717,96.629,0,0,0,No
0,0,0,0,0,0,1,0,0,0,0,0,67.20732,0,90.717,96.152,0,0,0,No
0,0,0,0,0,0,1,0,0,0,0,0,67.63884,0,96.152,90.717,0,0,0,No
0,0,0,0,0,0,1,0,0,0,0,0,67.66565,0,95.674,90.717,0,0,0,No
0,0,0,0,0,0,1,0,0,0,0,0,68.05925,0,90.717,95.674,0,0,0,No
0,0,0,0,0,0,1,0,0,0,0,0,68.08607,0,90.717,95.197,0,0,0,No
0,0,0,0,0,0,1,0,0,0,0,0,68.44175,0,95.197,90.717,0,0,0,No
0,0,0,0,0,0,1,0,0,0,0,0,68.46856,0,94.719,90.717,0,0,0,No
0,0,0,0,0,0,1,0,0,0,0,0,68.78633,0,90.717,94.719,0,0,0,No
0,0,0,0,0,0,1,0,0,0,0,0,68.81315,0,90.717,94.242,0,0,0,No
0,0,0,0,0,0,1,0,0,0,0,0,69.093,0,94.242,90.717,0,0,0,No
0,0,0,0,0,0,1,0,0,0,0,0,69.11981,0,93.764,90.717,0,0,0,No
0,0,0,0,0,0,1,0,0,0,0,0,69.36174,0,90.717,93.764,0,0,0,No
0,0,0,0,0,0,1,0,0,0,0,0,69.38856,0,90.717,93.287,0,0,0,No
0,0,0,0,0,0,1,0,0,0,0,0,69.59257,0,93.287,90.717,0,0,0,No
0,0,0,0,0,0,1,0,0,0,0,0,69.61939,0,92.809,90.717,0,0,0,No
0,0,0,0,0,0,1,0,0,0,0,0,69.78549,0,90.717,92.809,0,0,0,No
0,0,0,0,0,0,1,0,0,0,0,0,69.8123,0,90.717,92.332,0,0,0,No
0,0,0,0,0,0,1,0,0,0,0,0,69.94048,0,92.332,90.717,0,0,0,No
0,0,0,0,0,0,1,0,0,0,0,0,69.96729,0,91.854,90.717,0,0,0,No
0,0,0,0,0,0,1,0,0,0,0,0,70.05756,0,90.717,91.854,0,0,0,No
0,0,0,0,0,0,1,0,0,0,0,0,70.08437,0,90.717,91.377,0,0,0,No
0,0,0,0,0,0,1,0,0,0,0,0,70.13672,0,91.377,90.717,0,0,0,No
0,0,0,0,0,0,1,0,0,0,0,0,70.16353,0,90.899,90.717,0,0,0,No
0,0,0,0,0,0,1,0,0,0,0,0,70.17796,0,90.717,90.899,0,0,0,No
0,0,0,0,0,3600,1,0,0,0,0,0,69.17796,0,0,0,0,0,0,No
0,0,0,0,0,0,0,0,0,0,0,0,0,1,0,0,0,0,0,No
1,0,0,0,0,0,0,0,0,0,0,0,0,0,0,0,0,0,0,No
0,0,0,1,0,0,0,0,0,0,0,0,0,0,0,0,0,0,0,No
0,0,0,0,0,0,0,0,0,0,0,0,0,0,0,0,1,0,0,No
0,0,0,0,1,0,0,0,0,0,0,0,0,0,0,0,0,0,0,No
0,0,0,0,1,0,0,0,0,0,0,0,0,0,0,0,0,0,0,No
0,0,0,0,0,0,0,0,0,0,0,0,0,0,0,0,0,0,1,No
